geometry,n,density,replicate,seed,connected,components,mean_degree,median_degree,min_degree,max_degree,degree_std,clustering_share,median_nn_distance,backend_crosscheck
uniform,500,5.0,0,1441393393233664687,True,1,14.492,14,1,27,4.499548421786347,0.194,0.21038157833374807,identical
uniform,500,5.0,1,4999924027228841393,True,1,14.96,15,2,28,5.076849416715047,0.188,0.1914401081468013,identical
uniform,500,5.0,2,2920395442330120998,True,1,14.548,14,3,26,4.537807400055673,0.182,0.207590569598211,identical
uniform,500,5.0,3,2763157696134200301,True,1,14.38,15,3,28,4.64710662670871,0.196,0.19148337408241123,identical
uniform,500,5.0,4,6511395186056643109,True,1,14.14,14,4,25,4.242687827309476,0.192,0.2072315013774822,identical
uniform,500,5.0,5,7167058954992462271,True,1,15.024,15,3,29,5.281233189322359,0.174,0.21115799593229995,identical
uniform,500,5.0,6,1837969201554709014,True,1,14.42,14,3,26,4.275932646803502,0.18,0.20334924213833278,identical
uniform,500,5.0,7,8458606474506351779,True,1,14.468,15,3,25,4.300346032588543,0.182,0.21645653563036482,identical
uniform,500,5.0,8,2290730378843641024,True,1,14.808,15,1,32,4.8281607264050175,0.192,0.20896328202754916,identical
uniform,500,5.0,9,2077089063271826024,True,1,14.912,15,2,28,4.556781320186429,0.174,0.21685663384576107,identical
uniform,500,5.0,10,4048176754632452005,True,1,14.692,15,3,26,4.4718157386010455,0.188,0.19659456419097937,identical
uniform,500,5.0,11,1283101246453246717,True,1,14.528,14,3,25,4.305486732066423,0.192,0.23140898985159336,identical
uniform,500,5.0,12,6499996017204974995,True,1,14.024,14,3,26,4.143841695818024,0.184,0.2208671800546295,identical
uniform,500,5.0,13,4288589758725063317,True,1,14.484,15,3,26,4.55167485657752,0.192,0.21720645289948207,identical
uniform,500,5.0,14,3105172235152529882,True,1,14.464,14,1,30,5.21964596500568,0.198,0.19618485867546817,identical
uniform,500,5.0,15,8861825581717456880,True,1,14.296,14,1,24,4.016015936223359,0.172,0.23701652709839147,identical
uniform,500,5.0,16,1264922704210183796,True,1,13.88,14,3,22,3.9112146450942795,0.176,0.21737944995264222,identical
uniform,500,5.0,17,1549031049497360702,True,1,14.32,14,1,25,3.8128204783335926,0.172,0.2047368159294395,identical
uniform,500,5.0,18,9220228898208424755,True,1,13.996,14,3,24,3.727731750005623,0.186,0.20626283208752244,identical
uniform,500,5.0,19,6945826962592317359,True,1,14.472,14,2,26,4.221991946936897,0.186,0.2144244686917538,identical
uniform,500,5.0,20,2900365467758508591,True,1,15.192,15,1,31,5.3627545161045544,0.196,0.19106784269689575,identical
uniform,500,5.0,21,4865491739721017691,True,1,14.6,15,3,27,4.336357918806979,0.182,0.208917935052125,identical
uniform,500,5.0,22,2200648971354438315,True,1,14.344,15,2,23,3.934166239497263,0.182,0.21899834518332356,identical
uniform,500,5.0,23,7743735259437079654,True,1,14.004,14,1,24,3.7815319646936736,0.18,0.22295351019495355,identical
uniform,500,8.0,0,2593085597546387775,True,1,22.152,23,4,35,5.765838707421493,0.166,0.17353196032516058,identical
uniform,500,8.0,1,6765345179344649811,True,1,22.812,23,6,39,6.835543577507205,0.176,0.17775547693817617,identical
uniform,500,8.0,2,4486819614278675352,True,1,21.992,23,7,35,5.303954750938212,0.144,0.17942310403226341,identical
uniform,500,8.0,3,2554068684307317903,True,1,21.844,22,4,38,5.807552324344571,0.156,0.16346579953295148,identical
uniform,500,8.0,4,2142179669782119953,True,1,22.716,22,5,42,6.326084412968264,0.154,0.16739462160622126,identical
uniform,500,8.0,5,7335739243495468360,True,1,22.456,23,5,37,6.076846550637918,0.156,0.18195386814580117,identical
uniform,500,8.0,6,5411094057851145892,True,1,22.32,22,5,36,5.751660629765983,0.144,0.1680031349806302,identical
uniform,500,8.0,7,142025178581843790,True,1,22.28,22.5,4,39,5.770060658260017,0.144,0.17395978718131344,identical
uniform,500,8.0,8,1642586287581988006,True,1,23.064,24,3,39,5.993321616599597,0.168,0.16809960091105433,identical
uniform,500,8.0,9,1935202398173826271,True,1,22.552,23,4,41,6.625352518923047,0.152,0.15907236463970503,identical
uniform,500,8.0,10,4790363849918879259,True,1,22.328,23,6,36,6.2151762645962,0.152,0.16786063452394012,identical
uniform,500,8.0,11,4454776355327685184,True,1,23.036,24,3,38,7.146656840789256,0.162,0.16376942271164133,identical
uniform,500,8.0,12,909650099718846450,True,1,21.392,22,6,35,5.186746186194194,0.148,0.17567600014639323,identical
uniform,500,8.0,13,5277084300732561582,True,1,22.012,22,7,39,6.043166057622449,0.166,0.17265845544925956,identical
uniform,500,8.0,14,1280293289899035513,True,1,22.872,23,4,37,5.919764860195033,0.142,0.16790043040624036,identical
uniform,500,8.0,15,2430005355166213630,True,1,22.348,22,6,40,6.346880808712261,0.148,0.17062773269044904,identical
uniform,500,8.0,16,1978208810346419202,True,1,22.108,22,4,39,5.867566446151252,0.144,0.16985481138668165,identical
uniform,500,8.0,17,4297241320560470177,True,1,22.468,23,7,40,5.767232958707321,0.156,0.16815014184279764,identical
uniform,500,8.0,18,615143650422657111,True,1,22.624,23,7,40,6.304492366558944,0.158,0.16197506333180134,identical
uniform,500,8.0,19,3715649473959274502,True,1,22.304,23,4,36,5.522642845594849,0.156,0.15982218715577468,identical
uniform,500,8.0,20,7420696469914277030,True,1,22.716,23,5,37,6.412748552687841,0.148,0.16777292528508092,identical
uniform,500,8.0,21,7738221094137316189,True,1,22.5,23,6,39,6.849671524971106,0.162,0.1729264533442425,identical
uniform,500,8.0,22,955608346335236277,True,1,22.716,23,7,42,6.727209228201542,0.168,0.15922518559238386,identical
uniform,500,8.0,23,3347198467755017885,True,1,22.028,23,4,38,6.015248623290646,0.158,0.16173782907685147,identical
uniform,500,12.0,0,5727872979249867337,True,1,32.9,34,9,51,8.304336216700284,0.148,0.13684413996355604,identical
uniform,500,12.0,1,8826370263548601628,True,1,32.72,33,10,52,8.679723497900143,0.14,0.14271927055934663,identical
uniform,500,12.0,2,8385350963477414378,True,1,31.772,32,13,50,7.636492388524985,0.168,0.1377465307135725,identical
uniform,500,12.0,3,7907362468498504892,True,1,33.372,34,10,52,8.252855021142695,0.142,0.12566104758614993,identical
uniform,500,12.0,4,3248828112854048462,True,1,32.4,32,11,49,7.559365052701181,0.148,0.12718744783445785,identical
uniform,500,12.0,5,7725551134347478569,True,1,32.704,33.5,10,56,8.377373335359957,0.146,0.143854342327044,identical
uniform,500,12.0,6,531010081997335091,True,1,33.676,35,9,53,8.910388543716822,0.146,0.13543088809780024,identical
uniform,500,12.0,7,2342160772910476625,True,1,32.852,33,6,55,8.647201628272581,0.142,0.13477331420278704,identical
uniform,500,12.0,8,75899915847529916,True,1,32.312,34,11,49,7.9728699976858985,0.168,0.13164531236465188,identical
uniform,500,12.0,9,296743643804316954,True,1,32.932,34,10,52,8.82175583429966,0.162,0.1446805326614821,identical
uniform,500,12.0,10,798586941181763879,True,1,33.348,32,8,60,10.418392198415262,0.154,0.14176316474017098,identical
uniform,500,12.0,11,4575065413747084335,True,1,31.952,33,9,46,7.453166843698048,0.132,0.14627101383961108,identical
uniform,500,12.0,12,8478717501763084558,True,1,31.92,33,6,49,7.203165970599318,0.134,0.12916526484349353,identical
uniform,500,12.0,13,6443776006303216987,True,1,33.352,35,8,52,8.846247566058732,0.146,0.13475740922264104,identical
uniform,500,12.0,14,5981018348059917644,True,1,33.708,34,11,54,10.05100671574744,0.144,0.1418248169806658,identical
uniform,500,12.0,15,9201934273951679645,True,1,32.376,33,8,54,8.709456010566901,0.148,0.1367184563126103,identical
uniform,500,12.0,16,1004771983505203355,True,1,32.936,34,8,50,7.474215945502247,0.14,0.1285394415646191,identical
uniform,500,12.0,17,1862880274352124103,True,1,34.46,34,12,63,9.73120753041471,0.152,0.13455004828975653,identical
uniform,500,12.0,18,7567112966578606795,True,1,32.136,33,10,49,7.280762597420684,0.144,0.13527339325772209,identical
uniform,500,12.0,19,4061688843047956985,True,1,33.804,34,10,57,9.18267847634883,0.164,0.13519563455232708,identical
uniform,500,12.0,20,3602843410277144001,True,1,34.32,35,10,56,9.480168774868933,0.148,0.13111354215565127,identical
uniform,500,12.0,21,8057405875533319049,True,1,33.488,35,6,54,8.505401577821004,0.142,0.13638880186621466,identical
uniform,500,12.0,22,5819136594231174589,True,1,34.08,35,8,56,9.36299097511046,0.164,0.13042488290377655,identical
uniform,500,12.0,23,6180614784105530329,True,1,31.72,33,8,48,7.773905067596336,0.138,0.128515391232895,identical
uniform,1000,5.0,0,3087540481113803746,True,1,14.598,15,3,30,4.064529001003696,0.202,0.22015625846633552,identical
uniform,1000,5.0,1,7545359140715013128,True,1,14.42,14,1,25,4.054824287191742,0.192,0.22074599395261868,identical
uniform,1000,5.0,2,466706600154497633,True,1,14.8,15,2,27,4.232020793899772,0.194,0.22064544252452153,identical
uniform,1000,5.0,3,287543877986669510,True,1,14.25,14,2,25,3.8958311051687033,0.18,0.21708074848699527,identical
uniform,1000,5.0,4,4208595443400204289,True,1,14.71,15,3,27,4.230118201658201,0.194,0.23068282149897948,identical
uniform,1000,5.0,5,7390830594382312087,True,1,14.876,15,3,32,4.50717472481376,0.197,0.20909009921559138,identical
uniform,1000,5.0,6,7001651440376599228,True,1,14.428,15,3,26,4.0055980826837825,0.184,0.2235436819589686,identical
uniform,1000,5.0,7,515424863847803169,True,1,14.962,15,2,27,4.227831122455109,0.215,0.21138258459872256,identical
uniform,1000,5.0,8,876297068062739441,True,1,14.634,14,3,32,4.266150958416733,0.198,0.22168815254370106,identical
uniform,1000,5.0,9,1354092373327696897,True,1,15.012,15,3,29,4.60758678702855,0.214,0.21378041212214804,identical
uniform,1000,5.0,10,7791296547816279628,True,1,14.856,15,2,28,4.466459895711602,0.201,0.21930949530944738,identical
uniform,1000,5.0,11,6176017961756975408,False,2,14.488,15,0,29,4.043742820704601,0.188,0.2183680925960473,identical
uniform,1000,5.0,12,2227143487964938512,False,2,14.482,15,3,26,3.9341677645977677,0.206,0.21256597003343952,identical
uniform,1000,5.0,13,8343066100048972269,True,1,14.884,15,4,27,4.15746846049375,0.203,0.22031047120852304,identical
uniform,1000,5.0,14,8629168822148797565,True,1,14.38,14,2,25,4.024872668793385,0.203,0.2030593440233459,identical
uniform,1000,5.0,15,2139534813527263899,True,1,14.946,15,2,26,4.580947936835792,0.202,0.20672476435560383,identical
uniform,1000,5.0,16,5733082331121239285,True,1,14.764,14,2,37,4.7451347715317835,0.207,0.21248796561240876,identical
uniform,1000,5.0,17,1393386481990365970,True,1,14.884,15,3,25,4.166598612777606,0.192,0.20276194628083127,identical
uniform,1000,5.0,18,7716430352876265639,True,1,14.752,15,2,30,4.266438327223302,0.2,0.21213919319019023,identical
uniform,1000,5.0,19,1304103489553989961,True,1,14.842,15,2,29,4.283577476829387,0.196,0.20672196500321535,identical
uniform,1000,5.0,20,164750478274156646,True,1,14.646,14,2,26,3.8134871181111882,0.197,0.21304434221137383,identical
uniform,1000,5.0,21,8270831362942227701,True,1,14.676,15,2,27,4.248649667835653,0.213,0.21713607601268398,identical
uniform,1000,5.0,22,2034481934273425167,True,1,14.868,15,3,26,4.516478274053801,0.192,0.20228690427276255,identical
uniform,1000,5.0,23,1992290817923882045,True,1,14.866,15,1,30,4.365093813424838,0.218,0.20931603664165438,identical
uniform,1000,8.0,0,5221863250133974741,True,1,23.216,24,7,38,6.024893692008186,0.182,0.16274993906532664,identical
uniform,1000,8.0,1,6724338382016679957,True,1,23.152,24,4,37,5.882252629732929,0.193,0.16609645922487778,identical
uniform,1000,8.0,2,7648779103286018758,True,1,23.038,23,7,41,5.642211977584679,0.171,0.17105451716481818,identical
uniform,1000,8.0,3,8611259960049258865,True,1,23.176,23,6,42,5.889569084406766,0.177,0.17084722402793937,identical
uniform,1000,8.0,4,3647140369167373686,True,1,23.474,24,4,41,6.015423842091262,0.187,0.16491342070693987,identical
uniform,1000,8.0,5,3052967420268349951,True,1,22.954,24,1,36,5.223014838194507,0.173,0.17106775759927012,identical
uniform,1000,8.0,6,8017372898112356607,True,1,22.794,23,6,38,5.322740271702163,0.178,0.17263070912220793,identical
uniform,1000,8.0,7,6142747066215070436,True,1,23.454,24,5,40,6.118160180969439,0.186,0.16311371856271512,identical
uniform,1000,8.0,8,2706754975211210093,True,1,23.542,24,4,37,6.150628910932602,0.184,0.15903831189460943,identical
uniform,1000,8.0,9,6863465020948608992,True,1,23.892,25,5,39,6.402525751607706,0.187,0.16770232957469922,identical
uniform,1000,8.0,10,1135707546102760139,True,1,23.05,23,3,43,5.798749865272689,0.174,0.1731239964784267,identical
uniform,1000,8.0,11,7777121023998775837,True,1,23.232,23,4,39,6.084420761255734,0.19,0.16806898016579985,identical
uniform,1000,8.0,12,2786405088639560001,True,1,22.956,23,6,38,5.81636174941002,0.181,0.16167542693852438,identical
uniform,1000,8.0,13,106078267694394166,True,1,23.254,23,5,39,5.865107330646224,0.195,0.1673424868457598,identical
uniform,1000,8.0,14,7130355357738179241,True,1,23.254,24,6,38,5.89368170161912,0.191,0.1779209916687021,identical
uniform,1000,8.0,15,4780442163063483539,True,1,23.068,23,6,42,6.1740890826096715,0.187,0.17249634483617027,identical
uniform,1000,8.0,16,6897138119553443395,True,1,22.56,22,6,40,5.2796211985330945,0.184,0.16794753147483313,identical
uniform,1000,8.0,17,251043452419156879,True,1,23.738,24,6,40,6.192847164269439,0.181,0.16935820270429197,identical
uniform,1000,8.0,18,3542628611202351455,True,1,23.514,24,2,41,6.334335324246736,0.178,0.16775561940361436,identical
uniform,1000,8.0,19,2315543654187128646,True,1,23.684,24,5,41,6.083596304818395,0.2,0.16663652615015895,identical
uniform,1000,8.0,20,3065719024181685473,True,1,23.538,23,7,50,6.785908634810813,0.187,0.16459471350698723,identical
uniform,1000,8.0,21,1276090337777191231,True,1,23.106,23,5,37,5.499160299536651,0.175,0.1666977200314274,identical
uniform,1000,8.0,22,7952307413925820169,True,1,22.794,23,4,37,5.649740171016714,0.17,0.17034904921982041,identical
uniform,1000,8.0,23,552149796929486393,True,1,23.256,23,4,46,5.929963237660065,0.189,0.16720280726832,identical
uniform,1000,12.0,0,2624459858602312329,True,1,33.518,34.5,10,49,6.923559489164462,0.166,0.13547105603973764,identical
uniform,1000,12.0,1,111093406159055792,True,1,33.832,35,9,52,8.042746794472643,0.177,0.14662902564849448,identical
uniform,1000,12.0,2,3180635150273050333,True,1,34.548,35,8,60,8.983189633977458,0.183,0.1392536178362993,identical
uniform,1000,12.0,3,3360736719124781506,True,1,33.92,34,10,53,7.927143243312816,0.172,0.14420394919589147,identical
uniform,1000,12.0,4,4173684824063727857,True,1,34.108,35,10,52,7.694045489857716,0.179,0.14352541991890955,identical
uniform,1000,12.0,5,4580230028312302044,True,1,34.3,36,7,52,7.734339015067797,0.171,0.14175795822067386,identical
uniform,1000,12.0,6,845643341468623054,True,1,33.926,35,7,56,7.738509158746277,0.181,0.13199360990967302,identical
uniform,1000,12.0,7,5182435617761814862,True,1,33.892,35,9,52,7.565469978791792,0.175,0.13841216093230985,identical
uniform,1000,12.0,8,3295312592286285507,True,1,34.874,35,9,57,8.730413735900488,0.182,0.13439297640462505,identical
uniform,1000,12.0,9,1501146727497502521,True,1,33.832,35,9,51,7.917182327065608,0.178,0.1382417683702266,identical
uniform,1000,12.0,10,3364539860732934791,True,1,33.88,34,9,54,7.7203367802188545,0.173,0.13903103048791327,identical
uniform,1000,12.0,11,294370592525495088,True,1,34.31,35,9,58,8.50375799279354,0.178,0.14458962658186258,identical
uniform,1000,12.0,12,3663220031985917305,True,1,34.16,35,9,53,8.126401417601778,0.184,0.137340054750842,identical
uniform,1000,12.0,13,7860357381233380748,True,1,33.992,35,5,53,8.251541431756861,0.192,0.14067677463904515,identical
uniform,1000,12.0,14,4313265319242023568,True,1,33.838,35,11,51,7.302174744553847,0.177,0.13938860785321905,identical
uniform,1000,12.0,15,9028824457065897097,True,1,33.686,35,8,53,7.656330975082004,0.174,0.13639079148464453,identical
uniform,1000,12.0,16,8008378552780271058,True,1,33.978,36,11,50,7.78405524132505,0.179,0.1348335033374123,identical
uniform,1000,12.0,17,2268100607405270215,True,1,34.554,35,8,56,7.968756741173645,0.172,0.13623591339620064,identical
uniform,1000,12.0,18,5798415680043526375,True,1,34.666,35,10,52,8.074679188673691,0.165,0.1427050568902501,identical
uniform,1000,12.0,19,8078330027007727684,True,1,34.164,34,7,54,8.255973837167849,0.168,0.1341438987460375,identical
uniform,1000,12.0,20,8560563583531839512,True,1,34.272,35,7,53,8.354520692415573,0.177,0.14297478433912025,identical
uniform,1000,12.0,21,9081485509068800454,True,1,33.87,34,11,61,8.308254931091124,0.177,0.1378878758695476,identical
uniform,1000,12.0,22,5493760101394039223,True,1,34.434,35,9,52,8.54796139439106,0.177,0.13909531077235476,identical
uniform,1000,12.0,23,8075482482617174147,True,1,34.05,35,8,57,8.14723879605844,0.177,0.13698290087639187,identical
uniform,2000,5.0,0,3481719631244547893,True,1,15,15,3,29,4.102560176280172,0.179,0.21452011947861713,identical
uniform,2000,5.0,1,3758819222039202234,True,1,15.093,15,2,29,4.14395354703693,0.1795,0.20283682327257394,identical
uniform,2000,5.0,2,1632037843389482753,True,1,14.998,15,3,27,3.9727818968576734,0.181,0.21392128233281535,identical
uniform,2000,5.0,3,4779040249479742017,True,1,15.069,15,3,29,4.333386550955274,0.184,0.21674584595095947,identical
uniform,2000,5.0,4,1658005895636499695,True,1,15.045,15,2,26,4.090106966816414,0.1825,0.2118248666390399,identical
uniform,2000,5.0,5,4358029572065895791,True,1,15.135,15,2,31,4.220399862572265,0.189,0.20714588350642357,identical
uniform,2000,5.0,6,8121256829378896315,True,1,14.953,15,1,27,3.9747693014815226,0.1825,0.21618189025616047,identical
uniform,2000,5.0,7,5923612893787446183,True,1,15.045,15,2,32,4.31265289584034,0.1885,0.2130257325562459,identical
uniform,2000,5.0,8,7936988561631819933,True,1,15.017,15,1,28,3.995336156069966,0.182,0.21364302696741289,identical
uniform,2000,5.0,9,4297565998132831982,False,2,15.073,15,3,29,4.115418690728811,0.1885,0.21081489280718776,identical
uniform,2000,5.0,10,4854903049735878605,True,1,14.914,15,2,27,3.9241055031688408,0.178,0.2119644916852723,identical
uniform,2000,5.0,11,2831639770779389138,True,1,15.259,15,3,29,4.18388802431427,0.1875,0.2072198587501674,identical
uniform,2000,5.0,12,6533635921472765656,True,1,14.834,15,3,30,4.228290907683625,0.182,0.2012525734760609,identical
uniform,2000,5.0,13,8995725023771676161,True,1,14.969,15,2,29,4.143674576990822,0.1795,0.21404891379649688,identical
uniform,2000,5.0,14,517107281853488157,False,2,15.185,15,0,29,4.031349029791389,0.1795,0.20763704538152153,identical
uniform,2000,5.0,15,4416635863554074459,True,1,15.172,15,2,30,4.595586578446776,0.1905,0.2163093320699342,identical
uniform,2000,5.0,16,8393745730991800330,True,1,14.903,15,3,30,4.116745194932512,0.1805,0.20722560415447716,identical
uniform,2000,5.0,17,1620387613515255678,True,1,15.066,15,3,27,4.204360117782488,0.1875,0.2091814823666357,identical
uniform,2000,5.0,18,9166332735607994984,True,1,15.21,15,1,28,4.159795668058712,0.1895,0.2129404772051668,identical
uniform,2000,5.0,19,7590158256394721985,True,1,15.23,15,2,29,4.313362957136818,0.1825,0.20891907517931096,identical
uniform,2000,5.0,20,505443175843270955,True,1,15.18,15,1,27,4.278153807426751,0.1835,0.21123202720173168,identical
uniform,2000,5.0,21,3311218655843609802,False,2,15.174,15,0,29,4.397240498312559,0.1895,0.20245457801077527,identical
uniform,2000,5.0,22,3920627495407909985,False,2,15.062,15,0,30,4.424042947350301,0.183,0.21671708008510243,identical
uniform,2000,5.0,23,5395102655712178436,True,1,15.153,15,3,29,4.384357535603144,0.186,0.2133761641591546,identical
uniform,2000,8.0,0,5650338159841902055,True,1,23.589,24,5,45,5.604915610426218,0.165,0.16950568902791435,identical
uniform,2000,8.0,1,8543445695394521469,True,1,23.845,24,4,40,5.806029193863907,0.1635,0.16730408136524455,identical
uniform,2000,8.0,2,4203321961225926116,True,1,23.616,24,4,39,5.41807567315186,0.1645,0.16654742906446757,identical
uniform,2000,8.0,3,1474758066415823642,True,1,23.88,24,5,42,6.021096245701437,0.163,0.16403391481009244,identical
uniform,2000,8.0,4,9046653859026845911,True,1,23.818,24,5,40,5.621821413029768,0.1685,0.16817474862172144,identical
uniform,2000,8.0,5,6235253925014760668,True,1,23.486,24,5,38,5.259163811862105,0.1575,0.17127255928863916,identical
uniform,2000,8.0,6,3775538904054076837,True,1,23.811,24,5,42,5.890439627056704,0.1595,0.16486104012304453,identical
uniform,2000,8.0,7,1068503172525579409,True,1,23.695,24,4,39,5.68101883468097,0.1615,0.16933278887139294,identical
uniform,2000,8.0,8,416016957747699172,True,1,23.727,24,6,43,5.652828583992254,0.1645,0.16171618831922413,identical
uniform,2000,8.0,9,8396544463793889561,True,1,23.584,24,4,39,5.557152508254567,0.1725,0.16630277096457047,identical
uniform,2000,8.0,10,5775608647201152394,True,1,23.788,24,4,39,5.804658129468079,0.166,0.167384286514917,identical
uniform,2000,8.0,11,8809890320709490803,True,1,24.047,25,5,40,6.0014824002074585,0.164,0.16019106909510977,identical
uniform,2000,8.0,12,4873316332373329471,True,1,23.823,24,2,41,5.690665251093236,0.1705,0.17099436721727942,identical
uniform,2000,8.0,13,5240441575089110928,True,1,24.151,24,5,42,5.907723673294131,0.167,0.170024508145808,identical
uniform,2000,8.0,14,5158492657159530414,True,1,23.993,24,5,40,5.747516942123801,0.156,0.16275809021686194,identical
uniform,2000,8.0,15,1812862181073333515,True,1,23.785,24,6,37,5.67377960446117,0.164,0.1660397648829932,identical
uniform,2000,8.0,16,4836597034323831408,True,1,23.615,24,4,43,5.897438003065411,0.169,0.1690543377042596,identical
uniform,2000,8.0,17,3278594793551054882,True,1,23.855,24,5,41,5.899658888444313,0.1635,0.16785371872893604,identical
uniform,2000,8.0,18,2718049677912023193,True,1,24.082,24,4,40,6.003438681289257,0.162,0.1653648534820093,identical
uniform,2000,8.0,19,9126032081540221807,True,1,23.719,24,4,40,5.75456679516365,0.167,0.16758982096515035,identical
uniform,2000,8.0,20,5093892923318923893,True,1,23.889,24,6,42,5.902175785250731,0.169,0.16450054539195008,identical
uniform,2000,8.0,21,7250298801919222428,True,1,23.864,24,5,42,6.0248239808312976,0.1665,0.16552118471081095,identical
uniform,2000,8.0,22,7066870197118461332,True,1,23.698,24,5,42,6.099901310677081,0.1705,0.16602337090687963,identical
uniform,2000,8.0,23,6582258408649714057,True,1,23.806,24,5,42,5.842034234750769,0.17,0.16724949151257254,identical
uniform,2000,12.0,0,2227100157026778988,True,1,35.117,36,6,62,7.77626587765618,0.1485,0.1327757095397669,identical
uniform,2000,12.0,1,3879188517094493670,True,1,35.297,36,9,59,7.28304819426592,0.143,0.13674065228398666,identical
uniform,2000,12.0,2,6279275336336107025,True,1,34.809,35,10,57,7.468501790854717,0.1485,0.1363239275489452,identical
uniform,2000,12.0,3,8420430025610480675,True,1,35.288,36,7,57,7.427183584643657,0.148,0.1334960389103852,identical
uniform,2000,12.0,4,4301877612516727736,True,1,35.434,36,8,59,7.92645216979198,0.145,0.1365762654324063,identical
uniform,2000,12.0,5,8248255207365836136,True,1,35.552,36,7,55,7.692418085361719,0.144,0.13590044035529134,identical
uniform,2000,12.0,6,5518707561479283713,True,1,34.978,35,11,56,7.635084544391112,0.1455,0.1372801569192929,identical
uniform,2000,12.0,7,3407539813049371633,True,1,35.342,36,7,61,8.002564339010343,0.151,0.13393046468984915,identical
uniform,2000,12.0,8,7018988509301746320,True,1,35.181,36,6,54,7.253705191141965,0.1475,0.13792171149346816,identical
uniform,2000,12.0,9,9208079201012611234,True,1,34.899,35,9,58,7.613658713128671,0.149,0.13924423587391732,identical
uniform,2000,12.0,10,6920372793697732666,True,1,35.339,36,9,65,7.741193641810047,0.1445,0.13922734185186803,identical
uniform,2000,12.0,11,7353773036473353269,True,1,34.957,36,12,55,7.195147739970317,0.144,0.13530679503780868,identical
uniform,2000,12.0,12,8277486990529647577,True,1,35.285,36,6,56,7.810363307810973,0.1515,0.13878871679253627,identical
uniform,2000,12.0,13,5464779499689908085,True,1,35.734,36,7,58,8.36900495877497,0.1485,0.13624717846622283,identical
uniform,2000,12.0,14,6898474484090432976,True,1,35.088,36,8,53,7.249362454726616,0.1485,0.1367941435681251,identical
uniform,2000,12.0,15,3485882576203129644,True,1,35.597,36,7,56,8.13342430960048,0.148,0.13949535613424818,identical
uniform,2000,12.0,16,8204625106777581794,True,1,35.486,36,7,57,8.328073246555881,0.152,0.13832507358554785,identical
uniform,2000,12.0,17,6374740127889881083,True,1,35.184,35,3,54,7.907600394557126,0.1445,0.1349617399402666,identical
uniform,2000,12.0,18,5699780627494283535,True,1,35.401,35,11,58,7.936447505023912,0.1515,0.13629769538606992,identical
uniform,2000,12.0,19,329049863944597609,True,1,35.285,36,7,53,7.4447817295069125,0.144,0.1340498435459753,identical
uniform,2000,12.0,20,1670944475887336192,True,1,35.07,36,10,57,7.19979860829455,0.1405,0.13494894064039342,identical
uniform,2000,12.0,21,49263065334689346,True,1,35.02,36,9,54,7.725451443119677,0.1405,0.13580186738692032,identical
uniform,2000,12.0,22,5457242799140713492,True,1,35.043,35,7,57,8.095193079846824,0.142,0.13609744324270137,identical
uniform,2000,12.0,23,9040870616822648846,True,1,35.044,36,5,56,7.437409764158484,0.141,0.13499646847606134,identical
uniform,5000,5.0,0,8343672217911022036,True,1,15.4172,15,2,31,4.290867529999014,0.189,0.20843194408124394,identical
uniform,5000,5.0,1,4128276630056959615,True,1,15.2904,15,2,28,4.0769679714218965,0.1886,0.20863710854264117,identical
uniform,5000,5.0,2,7894974903880259845,True,1,15.2136,15,2,31,4.089984723687862,0.1882,0.2110299851024697,identical
uniform,5000,5.0,3,3693189734277111591,True,1,15.21,15,3,30,4.0357774963444175,0.1906,0.21034718193313362,identical
uniform,5000,5.0,4,5370268329516212719,True,1,15.2932,15,1,29,4.115098268571615,0.1864,0.20657941779760766,identical
uniform,5000,5.0,5,6564561616730097511,True,1,15.1924,15,1,32,4.013450166627079,0.185,0.20740357977910356,identical
uniform,5000,5.0,6,3193739173538595395,True,1,15.2576,15,1,31,4.23731545202856,0.1906,0.21048038063019697,identical
uniform,5000,5.0,7,3735496915229442013,True,1,15.3808,15,2,32,4.324279287927642,0.1856,0.20984826180544647,identical
uniform,5000,5.0,8,1215675554010747560,True,1,15.3936,15,1,33,4.275497519587617,0.188,0.21323232163954814,identical
uniform,5000,5.0,9,2783928421748446908,True,1,15.2592,15,2,29,4.013080532458811,0.1826,0.2143766452585931,identical
uniform,5000,5.0,10,4958463366781157348,True,1,15.2812,15,2,29,4.155974802618525,0.1856,0.21132877965920682,identical
uniform,5000,5.0,11,3022219459132103189,True,1,15.3932,15,3,29,4.231334749225107,0.185,0.21240854922617458,identical
uniform,5000,5.0,12,2208596937286703306,True,1,15.2876,15,2,30,4.07147224477831,0.1874,0.2112793982128771,identical
uniform,5000,5.0,13,8131833707374953098,True,1,15.2344,15,2,29,4.0423578070230395,0.183,0.20845969383280788,identical
uniform,5000,5.0,14,7541423282628058212,True,1,15.3088,15,3,32,4.21129939092439,0.1886,0.20982036142486593,identical
uniform,5000,5.0,15,8307455074303140400,True,1,15.356,15,2,35,4.289762697399532,0.1854,0.21024239401327363,identical
uniform,5000,5.0,16,7291038521784623020,True,1,15.4136,15,1,31,4.25686915937047,0.1878,0.2084062130713239,identical
uniform,5000,5.0,17,7679658592526965594,True,1,15.3688,15,3,29,4.224735087552826,0.1906,0.21111433372965221,identical
uniform,5000,5.0,18,5219527472317257728,True,1,15.3108,15,2,28,4.064062420780468,0.1904,0.21161065864911813,identical
uniform,5000,5.0,19,8306648963588433243,True,1,15.3804,15,3,29,4.213655875839785,0.1852,0.21394582760761818,identical
uniform,5000,5.0,20,3575664410322745922,True,1,15.2812,15,3,35,4.166596519942868,0.1888,0.20834890382153617,identical
uniform,5000,5.0,21,9127974979866264542,True,1,15.338,15,2,31,4.3009482675335695,0.1884,0.21275613602371196,identical
uniform,5000,5.0,22,4909689218706725415,True,1,15.2116,15,2,30,4.1905638570483905,0.1858,0.20700613215936647,identical
uniform,5000,5.0,23,1410258293949007353,True,1,15.3244,15,1,29,4.0925743291967205,0.1892,0.2115202959996095,identical
uniform,5000,8.0,0,517040439591071377,True,1,24.056,24,6,39,5.099967058717125,0.159,0.1660787469062625,identical
uniform,5000,8.0,1,3726820664764315904,True,1,24.3212,24,3,45,5.746723462983095,0.1684,0.1662178704925565,identical
uniform,5000,8.0,2,1404564145853872455,True,1,24.1884,24,6,44,5.321964434304316,0.161,0.16207150122756947,identical
uniform,5000,8.0,3,6174886130327043398,True,1,24.3456,24,5,42,5.622255831959233,0.167,0.1664847980777546,identical
uniform,5000,8.0,4,4664408557127828662,True,1,24.0632,24,4,43,5.345578150209749,0.1642,0.16300092605312538,identical
uniform,5000,8.0,5,3278901512496140883,True,1,24.3584,24,4,46,5.625046616695714,0.163,0.16957021926408422,identical
uniform,5000,8.0,6,2985677714678542533,True,1,24.4096,25,3,43,5.657616798617595,0.1636,0.16554498165413192,identical
uniform,5000,8.0,7,1895566184852517918,True,1,24.1764,25,5,41,5.319067873227419,0.1618,0.16817559815711414,identical
uniform,5000,8.0,8,5343372801323209610,True,1,24.3204,24,5,48,5.6536133436944205,0.1634,0.16723436638870542,identical
uniform,5000,8.0,9,1951077333491800834,True,1,23.9056,24,6,39,5.032483347215328,0.1612,0.16706114674376588,identical
uniform,5000,8.0,10,7492390072021227963,True,1,24.3076,24,4,52,5.5876455005664685,0.1652,0.16964385162144457,identical
uniform,5000,8.0,11,2218926630954068594,True,1,24.3184,24,4,45,5.493652832132706,0.1668,0.16663778836632911,identical
uniform,5000,8.0,12,5838897180892109974,True,1,24.3032,24,4,43,5.647660556371997,0.1654,0.1661232367654127,identical
uniform,5000,8.0,13,2652762040510275487,True,1,24.5044,24,5,42,5.877276634632756,0.1712,0.16538013648805444,identical
uniform,5000,8.0,14,261624551774623426,True,1,24.0772,24,3,41,5.042979294028389,0.1622,0.16659625960111146,identical
uniform,5000,8.0,15,3591624152125899213,True,1,24.4236,24,5,42,5.764526263276135,0.1654,0.1658533021390488,identical
uniform,5000,8.0,16,1089666225224756746,True,1,24.3724,24,3,48,5.624172671602467,0.169,0.1649171124701781,identical
uniform,5000,8.0,17,7608102967712387261,True,1,24.1432,24,4,42,5.269449094544889,0.1644,0.1693933184567869,identical
uniform,5000,8.0,18,8348029410619928075,True,1,24.3972,24,5,43,5.575969167777026,0.1666,0.16488006816095654,identical
uniform,5000,8.0,19,1588035350169957458,True,1,24.3052,24,6,44,5.651588534208752,0.1652,0.16874293120176015,identical
uniform,5000,8.0,20,5656414575750061499,True,1,24.2156,24,4,43,5.572532336379978,0.1662,0.16638377161513443,identical
uniform,5000,8.0,21,4602325671751347207,True,1,24.0216,24,5,40,5.216352503426068,0.168,0.1663106801102754,identical
uniform,5000,8.0,22,5653432492866952705,True,1,24.1176,24,5,40,5.344246461382587,0.1648,0.1678087812264523,identical
uniform,5000,8.0,23,1997381417970189305,True,1,24.0736,24,7,41,5.1605990970041375,0.1628,0.16507186341076083,identical
uniform,5000,12.0,0,9090559018297043727,True,1,35.9996,36,10,56,7.115279322697035,0.1612,0.1364319542369507,identical
uniform,5000,12.0,1,5514899316593733760,True,1,36.3344,36,8,62,7.374372965886672,0.1624,0.13587846374482787,identical
uniform,5000,12.0,2,4592216684646948999,True,1,36.3496,36,6,65,7.706684101479714,0.162,0.1380361280812633,identical
uniform,5000,12.0,3,3832102382331163722,True,1,36.3904,37,7,63,7.547104599778638,0.1616,0.13732239841866303,identical
uniform,5000,12.0,4,2827451879027875718,True,1,36.1664,36,10,59,7.25053867240224,0.1596,0.13653102022212754,identical
uniform,5000,12.0,5,5076483975625178472,True,1,36.4396,36,9,64,8.03733487170966,0.16,0.13638128621322276,identical
uniform,5000,12.0,6,1148839747469492098,True,1,36.2932,37,8,60,7.393864602493218,0.161,0.1358252829109525,identical
uniform,5000,12.0,7,7809889279321806986,True,1,36.2584,37,4,60,7.2999746191339545,0.1574,0.13549403234888488,identical
uniform,5000,12.0,8,8981784419287984791,True,1,36.4916,37,10,60,7.518718603591995,0.162,0.13591617865094863,identical
uniform,5000,12.0,9,7223821969743663804,True,1,36.0732,36,8,58,7.009838925396238,0.1586,0.13775196269966936,identical
uniform,5000,12.0,10,7257411155552764146,True,1,36.1604,36,7,67,7.61891539787651,0.1648,0.13860820623284695,identical
uniform,5000,12.0,11,1483421380746155963,True,1,36.1068,36,11,59,7.0904861441230205,0.1608,0.13698133052521455,identical
uniform,5000,12.0,12,6173731172801420363,True,1,35.974,36,9,59,7.397981075942271,0.1574,0.13229132596920862,identical
uniform,5000,12.0,13,7326445678544847728,True,1,36.4828,36,7,63,7.735741991560998,0.163,0.13537863628257435,identical
uniform,5000,12.0,14,8646577211513128415,True,1,36.0776,36,3,59,7.411907867749064,0.1648,0.13706018792193803,identical
uniform,5000,12.0,15,8968759074786766204,True,1,36.1592,36,8,60,7.276775065920346,0.1616,0.13561509153053872,identical
uniform,5000,12.0,16,6292182859227384418,True,1,36.436,37,7,61,7.852483938219807,0.1638,0.13566171316056436,identical
uniform,5000,12.0,17,6791622736137314787,True,1,36.0192,36,10,56,7.088753865102154,0.158,0.13654502508330948,identical
uniform,5000,12.0,18,8391350243499738378,True,1,36.0128,36,8,56,7.144552901336801,0.16,0.13292944038073637,identical
uniform,5000,12.0,19,11304001199420431,True,1,35.7552,36,8,57,6.6384390454383695,0.1608,0.1372790353087556,identical
uniform,5000,12.0,20,4728522829195488113,True,1,36.078,36,10,60,6.931054465231082,0.1618,0.1343783553989514,identical
uniform,5000,12.0,21,3526214852004927221,True,1,36.2408,36,7,58,6.9466549763179035,0.159,0.1339052374486445,identical
uniform,5000,12.0,22,5237963280868919874,True,1,36.2,37,9,54,7.031784979647835,0.1568,0.1393804691726005,identical
uniform,5000,12.0,23,6747059367746447258,True,1,36.0608,36,9,56,7.016858510758194,0.1566,0.13570637239228067,identical
uniform,10000,5.0,0,134461607201320061,True,1,15.341,15,2,30,4.065183759683948,0.1855,0.21218913859372757,identical
uniform,10000,5.0,1,5516726722244990851,True,1,15.4334,15,3,33,4.071064288364906,0.1869,0.20827550275148407,identical
uniform,10000,5.0,2,8541554287394488795,True,1,15.351,15,1,31,4.074923189460117,0.1833,0.2109822483738441,identical
uniform,10000,5.0,3,8334125567196943196,True,1,15.432,15,1,32,4.209153834204536,0.1902,0.2110539956264642,identical
uniform,10000,5.0,4,5368339679207746896,True,1,15.3658,15,1,34,4.035293094683457,0.1835,0.21165327053495667,identical
uniform,10000,5.0,5,5951445864672014138,True,1,15.4438,15,2,30,4.081524416195525,0.1877,0.207095226455804,identical
uniform,10000,5.0,6,1901150138600835532,True,1,15.325,15,1,35,4.026533869223028,0.1814,0.20699562556923923,identical
uniform,10000,5.0,7,9100626723676881978,True,1,15.4146,15,2,29,4.022599512752932,0.1817,0.21402265417255867,identical
uniform,10000,5.0,8,6728478421760408941,True,1,15.4504,15,2,32,4.15108899446882,0.1868,0.21332203666432203,identical
uniform,10000,5.0,9,6997057964557986273,True,1,15.385,15,1,31,4.103117717053721,0.1833,0.21064265842002772,identical
uniform,10000,5.0,10,4299783015667021981,False,2,15.3246,15,0,31,3.842789981250347,0.1822,0.21250941504290866,identical
uniform,10000,5.0,11,7022988924529704703,True,1,15.4422,15,2,30,4.1337221919234075,0.1864,0.2104231269688265,identical
uniform,10000,5.0,12,8126664143608301086,True,1,15.4922,15,3,32,4.164821624031492,0.1897,0.21093544249578378,identical
uniform,10000,5.0,13,2040561717881848914,True,1,15.4246,15,2,32,4.107835785422773,0.1829,0.2112072247075047,identical
uniform,10000,5.0,14,4166012176820099795,True,1,15.4702,15,2,29,4.1347928557546565,0.1836,0.21247004803223019,identical
uniform,10000,5.0,15,7642851194762378607,True,1,15.5112,15,3,35,4.243615741322499,0.1865,0.2076042482560999,identical
uniform,10000,5.0,16,8845233256321396147,True,1,15.395,15,1,32,4.083598290723489,0.1831,0.21393902634898523,identical
uniform,10000,5.0,17,7367228539469629,True,1,15.4242,15,2,33,4.100445629440774,0.1829,0.21001208455684048,identical
uniform,10000,5.0,18,828527866351137241,True,1,15.3756,15,2,30,3.972596712479251,0.1847,0.21106304782393273,identical
uniform,10000,5.0,19,8525684904585253353,True,1,15.4172,15,2,33,4.104478549097377,0.187,0.20994880369899005,identical
uniform,10000,5.0,20,2719712183380582785,True,1,15.4098,15,1,32,4.142953530996939,0.1852,0.2119001398901691,identical
uniform,10000,5.0,21,1962519695164594779,True,1,15.4266,15,1,32,4.119443219659717,0.1877,0.2120237127394711,identical
uniform,10000,5.0,22,7237614448967940127,True,1,15.5516,15,2,34,4.310723540196015,0.1853,0.2087409131317069,identical
uniform,10000,5.0,23,2667781108819773215,True,1,15.424,15,3,32,4.092386101041846,0.1861,0.21006793120041886,identical
uniform,10000,8.0,0,3391610154389087738,True,1,24.4482,24,6,42,5.118038370313403,0.1706,0.1679311125446826,identical
uniform,10000,8.0,1,2083630027025374281,True,1,24.5616,25,4,45,5.462893504361879,0.171,0.16780300991237707,identical
uniform,10000,8.0,2,8982875502558739176,True,1,24.5426,25,4,46,5.4480992318421695,0.1719,0.1657672732089643,identical
uniform,10000,8.0,3,9129805746759765920,True,1,24.6978,24,5,44,5.681890104533888,0.1718,0.16397913574834327,identical
uniform,10000,8.0,4,2575854057198784485,True,1,24.4294,24,4,42,5.218219585260885,0.1699,0.1679531056310098,identical
uniform,10000,8.0,5,6075100312612303904,True,1,24.5546,25,6,44,5.448524464476603,0.1683,0.1648417992478737,identical
uniform,10000,8.0,6,5936433905077870582,True,1,24.508,25,5,45,5.294764961733442,0.1693,0.16805452627453735,identical
uniform,10000,8.0,7,497942705673250958,True,1,24.4424,25,2,44,5.2080785554756845,0.1692,0.1653476263815156,identical
uniform,10000,8.0,8,7290055908046650792,True,1,24.4658,24,4,42,5.244561979803434,0.1719,0.16235823912706143,identical
uniform,10000,8.0,9,6116469660243089614,True,1,24.358,24,4,44,5.180930032339757,0.1702,0.16870710369496894,identical
uniform,10000,8.0,10,1433488108847447833,True,1,24.6182,25,4,44,5.580916480292517,0.1687,0.16535449760904442,identical
uniform,10000,8.0,11,2817214880216947224,True,1,24.4888,25,4,43,5.309922274384087,0.1697,0.16665700926944801,identical
uniform,10000,8.0,12,3111973570050845954,True,1,24.608,25,3,45,5.432212808791761,0.1668,0.16458976508654785,identical
uniform,10000,8.0,13,3528203003818483528,True,1,24.5292,25,4,48,5.275675062018161,0.1711,0.16535851969016244,identical
uniform,10000,8.0,14,1721745530255854670,True,1,24.6338,25,3,48,5.420193498390984,0.1711,0.16530035089674372,identical
uniform,10000,8.0,15,5078943657895844601,True,1,24.567,25,3,44,5.395897608368834,0.1716,0.1695975721901813,identical
uniform,10000,8.0,16,9134312673179107295,True,1,24.438,24,6,44,5.229680296155758,0.1679,0.16611992617551746,identical
uniform,10000,8.0,17,3875511990788401017,True,1,24.5928,24,4,43,5.537037850692395,0.1719,0.16554738622313434,identical
uniform,10000,8.0,18,4629351647761432310,True,1,24.508,25,5,45,5.2782701711829905,0.17,0.16831066026545244,identical
uniform,10000,8.0,19,5077266135111731982,True,1,24.3926,24,6,45,5.270319273061145,0.1682,0.1681663063181681,identical
uniform,10000,8.0,20,8546250212334667075,True,1,24.555,25,5,43,5.308293040140075,0.1696,0.16741742607554216,identical
uniform,10000,8.0,21,7963816393360721098,True,1,24.5,24,6,44,5.251342685447218,0.1692,0.16804934380591577,identical
uniform,10000,8.0,22,3642268565243368727,True,1,24.498,25,6,42,5.278957851697636,0.1669,0.16596505782868187,identical
uniform,10000,8.0,23,4913785049298746263,True,1,24.5304,25,5,49,5.416629564590888,0.1721,0.16370407287134195,identical
uniform,10000,12.0,0,7225270905635094265,True,1,36.6638,37,9,64,7.233475621027562,0.1516,0.13676085918080422,identical
uniform,10000,12.0,1,3731931628890197176,True,1,36.7244,37,8,60,7.200878046460775,0.1525,0.133617190236758,identical
uniform,10000,12.0,2,1239274801437783371,True,1,36.4722,37,9,60,6.761540294932832,0.1518,0.13652735892215484,identical
uniform,10000,12.0,3,8083275286494986200,True,1,36.4672,37,10,57,6.631148027302699,0.1535,0.13702431666149473,identical
uniform,10000,12.0,4,8763747274418174363,True,1,36.5602,37,8,59,7.271999447194677,0.1561,0.1385684019862278,identical
uniform,10000,12.0,5,5538772594381503240,True,1,36.3686,37,10,59,6.587088434202105,0.1534,0.13527211466424013,identical
uniform,10000,12.0,6,8428285080532576692,True,1,36.5824,37,8,58,7.053524667852213,0.1546,0.13719920138082892,identical
uniform,10000,12.0,7,8616570060199722740,True,1,36.5296,37,9,60,6.851081946670862,0.1532,0.13568706116346374,identical
uniform,10000,12.0,8,8682015204912554134,True,1,36.5622,37,6,60,6.994521510439393,0.1549,0.13506062907715677,identical
uniform,10000,12.0,9,8219591025230327450,True,1,36.5858,37,8,60,6.886003075804999,0.1521,0.13746720875245255,identical
uniform,10000,12.0,10,6657898892862474198,True,1,36.5122,37,10,58,6.969551718726287,0.1528,0.1356973994670601,identical
uniform,10000,12.0,11,2094514487445501524,True,1,36.39,37,9,56,6.607518444923174,0.1498,0.13685762561460538,identical
uniform,10000,12.0,12,462203882229188526,True,1,36.6192,37,8,60,7.094180104846453,0.1556,0.13533930032368374,identical
uniform,10000,12.0,13,441321074304724240,True,1,36.792,37,9,59,7.073947695593987,0.1569,0.1361513885982058,identical
uniform,10000,12.0,14,120292970363012272,True,1,36.5602,37,10,61,6.897606538503003,0.156,0.13481454429129358,identical
uniform,10000,12.0,15,837080627772071063,True,1,36.742,37,10,60,7.0700944831027375,0.1551,0.13555306231667053,identical
uniform,10000,12.0,16,172385148585496009,True,1,36.5656,37,10,57,7.113051148417165,0.1552,0.13663897339300063,identical
uniform,10000,12.0,17,4216542306638043761,True,1,36.7856,37,8,62,7.1574878721517905,0.1546,0.13578193549547563,identical
uniform,10000,12.0,18,1261889193110485110,True,1,36.5166,37,6,59,6.788911874520059,0.1558,0.13567334748325216,identical
uniform,10000,12.0,19,3632038523694870213,True,1,36.5884,37,10,58,6.791302190301961,0.1528,0.13608915477578465,identical
uniform,10000,12.0,20,3413264668228539115,True,1,36.5438,37,8,58,6.812377085863591,0.1547,0.13510916893689512,identical
uniform,10000,12.0,21,5047205319675983804,True,1,36.7058,37,8,64,7.260512816599106,0.1535,0.1369341666933667,identical
uniform,10000,12.0,22,877018477496241643,True,1,36.4662,37,9,60,6.878826757521925,0.1531,0.13624227258488855,identical
uniform,10000,12.0,23,1609018238835926097,True,1,36.5728,37,10,62,6.8556764917839645,0.1549,0.13505420544182895,identical
clustered,500,5.0,0,2250167057896661415,False,3,20.068,18.5,0,49,12.257543636471384,0.392,0.1886711037157197,identical
clustered,500,5.0,1,4432785465360002610,False,2,24.62,21,0,63,16.416808459624544,0.336,0.1864371484337296,identical
clustered,500,5.0,2,3099212854542610124,True,1,22.616,19,1,64,15.63331519544081,0.376,0.18096414201043462,identical
clustered,500,5.0,3,2729539183211074397,False,2,18.592,17,0,44,10.786173371497421,0.348,0.1993418618531711,identical
clustered,500,5.0,4,6625214586509551756,False,2,26.464,21.5,1,81,19.472973681489947,0.384,0.1723434964133494,identical
clustered,500,5.0,5,6009345064377984281,False,3,21.412,19,1,51,13.37663096597944,0.38,0.19359577781161125,identical
clustered,500,5.0,6,4764195269233752820,False,2,20.58,20,0,47,12.33756864215961,0.364,0.19707754880141265,identical
clustered,500,5.0,7,6160775550821492129,False,2,27.524,26,1,70,19.6075858789398,0.398,0.17024111165529643,identical
clustered,500,5.0,8,8377752767592219974,False,2,20.236,19,0,46,11.98233299487207,0.31,0.19510271421305186,identical
clustered,500,5.0,9,235341869016158601,False,3,23.344,22,0,63,15.548429631316464,0.362,0.18071316002337984,identical
clustered,500,5.0,10,8904152870325256349,True,1,27.244,25,1,66,19.380724031882814,0.386,0.17138009866685858,identical
clustered,500,5.0,11,2839696987194034555,False,3,25.168,22,1,70,17.793700458308276,0.408,0.18571766993992833,identical
clustered,500,5.0,12,5190633242325826304,False,3,20.848,18,0,52,12.851027040668765,0.344,0.18369663408800144,identical
clustered,500,5.0,13,4656827282328159597,False,2,22.888,22,0,52,13.809252550373607,0.404,0.17242349997901038,identical
clustered,500,5.0,14,7086104629851644607,True,1,24.56,22,1,57,16.2621769760386,0.36,0.17661754029717472,identical
clustered,500,5.0,15,7487646518125335300,False,2,19.648,20,0,42,10.338669933797092,0.296,0.1992739263424435,identical
clustered,500,5.0,16,8038886021018021433,True,1,20.688,18,1,48,13.014555543697982,0.39,0.17488849478570673,identical
clustered,500,5.0,17,7687820740010656323,False,3,22.74,22.5,0,50,13.432661687096864,0.342,0.16804778971816928,identical
clustered,500,5.0,18,1262758940408477875,True,1,23.8,18.5,1,70,17.28340244280621,0.374,0.18605007655277878,identical
clustered,500,5.0,19,1627051648482820361,True,1,24.224,22,1,68,16.95540692522595,0.36,0.17375814418848667,identical
clustered,500,5.0,20,5906481056438884069,False,2,20.716,21,0,44,11.421004509236477,0.332,0.17733635016379737,identical
clustered,500,5.0,21,5834097885856799027,False,3,22.456,19.5,1,62,15.174849719189968,0.36,0.19744107986402654,identical
clustered,500,5.0,22,3984324449965483504,False,2,19.584,19,1,47,11.851875125903062,0.378,0.20706456478111263,identical
clustered,500,5.0,23,2051317577062409330,False,2,25.508,20,0,82,20.078593974678615,0.426,0.17461675724846715,identical
clustered,500,8.0,0,114117710581613824,False,5,24.964,20,0,63,15.213504001379867,0.424,0.17139972815811808,identical
clustered,500,8.0,1,5254910355063117066,False,2,26.588,27,1,58,14.210357349482795,0.35,0.15239096998090185,identical
clustered,500,8.0,2,7254208483326118079,True,1,32.84,28,1,84,22.350534669219883,0.366,0.15347169745931002,identical
clustered,500,8.0,3,4726061124200910977,False,2,25.576,23,0,61,14.102773627907398,0.366,0.16519821644098165,identical
clustered,500,8.0,4,6356806481620292538,True,1,28.792,22,1,79,19.619193051703224,0.416,0.17352444762063068,identical
clustered,500,8.0,5,369776582516820390,True,1,27.168,27,2,63,14.328565036318192,0.34,0.17685031906188642,identical
clustered,500,8.0,6,4272544397358176303,True,1,30.672,27,2,79,18.79501040169971,0.324,0.15284420996716325,identical
clustered,500,8.0,7,1052681570101815065,False,4,27.44,24.5,0,70,16.03852861081715,0.384,0.17020581338884364,identical
clustered,500,8.0,8,3953722552782716,False,3,26.5,26,0,53,13.321936796126906,0.36,0.15754764937958346,identical
clustered,500,8.0,9,2177931841926088782,False,2,28.9,29,0,61,14.732752628073284,0.39,0.1556048235557527,identical
clustered,500,8.0,10,7352753472736194018,True,1,30.64,25,1,86,20.93166023037829,0.43,0.15001846980447292,identical
clustered,500,8.0,11,159943793983392614,False,2,26.824,28,0,54,12.235236981767043,0.284,0.15801070578114068,identical
clustered,500,8.0,12,7231791712316401173,True,1,26.744,25,1,57,13.22627929540277,0.326,0.162198873884692,identical
clustered,500,8.0,13,522399095575294014,True,1,30.78,28,1,80,19.324792366284292,0.304,0.16110815199398265,identical
clustered,500,8.0,14,8607513264462204308,True,1,28.264,24.5,2,74,17.023228365971015,0.342,0.15158097681753047,identical
clustered,500,8.0,15,4149784726757605813,False,2,26.224,26,0,56,12.8585311758381,0.346,0.16544280580675924,identical
clustered,500,8.0,16,3735545664833755140,True,1,33.456,31,1,81,21.693226223869967,0.358,0.1483981967373732,identical
clustered,500,8.0,17,3262862604059501621,True,1,27.904,25,1,72,16.581760582037116,0.34,0.17365420768420944,identical
clustered,500,8.0,18,5584532831332040070,False,2,36.408,33,1,90,23.478277960702304,0.388,0.14351401161049784,identical
clustered,500,8.0,19,5523056363224547018,True,1,27.628,26,1,59,13.525739018626666,0.292,0.15876385813366722,identical
clustered,500,8.0,20,1228151953151521342,True,1,31.832,31.5,2,74,16.89224011195673,0.306,0.15097594731254194,identical
clustered,500,8.0,21,6068643422436652153,True,1,31.5,28,2,79,18.896295933330425,0.344,0.13661688391615906,identical
clustered,500,8.0,22,4898866579318936414,True,1,27.424,26,1,65,14.723186611600086,0.306,0.16837328474966778,identical
clustered,500,8.0,23,5021703023142152114,False,4,28.444,27,0,62,15.438356907391404,0.416,0.15659057350800598,identical
clustered,500,12.0,0,5085211392583109693,True,1,35.088,29.5,1,88,19.43163029701831,0.36,0.1504486590474525,identical
clustered,500,12.0,1,5911361666440976718,False,5,33.844,35,0,60,13.466241643457913,0.332,0.13476522644209005,identical
clustered,500,12.0,2,3170938579266787866,False,2,42.616,44,0,92,23.27824185800982,0.378,0.13320218268659145,identical
clustered,500,12.0,3,2238843610123467917,True,1,38.72,39,2,70,18.136085575448746,0.25,0.13407540379102512,identical
clustered,500,12.0,4,596816239492869602,False,2,35.292,33,0,80,17.968492869464598,0.374,0.1435196478398163,identical
clustered,500,12.0,5,8096206529631372981,True,1,41.032,35,1,102,24.632315684888418,0.378,0.1295091220155852,identical
clustered,500,12.0,6,6263658557541766379,False,2,37.672,37,0,81,17.88822003442489,0.334,0.13601919793821649,identical
clustered,500,12.0,7,5276854836372776151,False,2,38.24,34,0,88,22.34319583228862,0.352,0.1256128040102983,identical
clustered,500,12.0,8,1836263835554206625,True,1,39.124,35.5,2,85,19.251405766852468,0.264,0.13583527313518917,identical
clustered,500,12.0,9,3057079617422355188,True,1,35.62,35,1,72,15.89539555972106,0.322,0.14857145342668382,identical
clustered,500,12.0,10,4791826074974174791,False,3,46.072,41,0,108,28.045655920302522,0.358,0.1205409433568741,identical
clustered,500,12.0,11,178638042364008850,True,1,35.736,38,4,62,15.591866597684836,0.344,0.12953034995505985,identical
clustered,500,12.0,12,5434072104678914740,True,1,40.876,42,1,82,19.730195741553096,0.33,0.13058865530966696,identical
clustered,500,12.0,13,5835330082974436519,True,1,32.444,31,1,73,16.504146872831686,0.374,0.15106173309726761,identical
clustered,500,12.0,14,1612955448876535192,True,1,38.44,39,3,77,16.532465030962566,0.246,0.1341702726187035,identical
clustered,500,12.0,15,2704289204906882024,False,2,42.148,43.5,0,88,21.557413945090904,0.362,0.12593512265804946,identical
clustered,500,12.0,16,6318714824415781770,True,1,37.032,36,1,81,19.53578705862653,0.336,0.1378069667526749,identical
clustered,500,12.0,17,118965659901356932,True,1,45.5,40,1,112,26.53348827425448,0.404,0.12616348660573978,identical
clustered,500,12.0,18,386935596703689916,False,2,41.216,37,0,101,24.212503877129272,0.41,0.12253693900770271,identical
clustered,500,12.0,19,6369140950966715236,True,1,33.128,32.5,1,68,15.013581051834372,0.326,0.15029619622954504,identical
clustered,500,12.0,20,9143438728409677386,False,4,33.832,31,0,82,17.840173093330677,0.372,0.14989880187000085,identical
clustered,500,12.0,21,8116555981219001408,True,1,34.28,36,1,58,13.722303013707284,0.308,0.14469868969117844,identical
clustered,500,12.0,22,3420726806450072413,True,1,36.856,36,2,79,18.081019440286,0.298,0.13024869111423218,identical
clustered,500,12.0,23,3309105599011230421,False,2,32.156,33,0,61,12.409176604432707,0.286,0.13780050330734783,identical
clustered,1000,5.0,0,5600727867226754524,False,4,39.134,28.5,0,127,34.189794442201595,0.486,0.16119823190827534,identical
clustered,1000,5.0,1,3818100734040882098,False,2,31.61,27,0,82,24.02169644300753,0.468,0.1692517336532786,identical
clustered,1000,5.0,2,3585290146653989631,True,1,34.454,26,1,101,28.09209646857991,0.44,0.1621571670309287,identical
clustered,1000,5.0,3,6732355431364620713,True,1,56.022,29,1,205,58.68776291527906,0.526,0.148803740716212,identical
clustered,1000,5.0,4,7174503890840702067,False,2,31.732,27,1,82,24.509715951026443,0.476,0.16069082579427874,identical
clustered,1000,5.0,5,155262643542155508,False,4,34.918,30,0,103,27.205941924513475,0.481,0.15100691450489048,identical
clustered,1000,5.0,6,729618610971362213,False,3,29.418,24,0,83,22.547799803972005,0.448,0.16546840996229856,identical
clustered,1000,5.0,7,480338408795435897,False,6,38.736,29.5,0,130,33.60690857546999,0.495,0.15471100741728788,identical
clustered,1000,5.0,8,7831000635386176491,False,2,34.928,28,1,88,26.696756656942423,0.462,0.1609390587087938,identical
clustered,1000,5.0,9,2328675949290211234,False,2,31.212,26,1,81,23.60874956451523,0.445,0.1634070285988799,identical
clustered,1000,5.0,10,5875571807447761727,False,3,27.23,20,1,76,20.68369164341802,0.435,0.18588762619391713,identical
clustered,1000,5.0,11,3693300397741195522,False,2,43.026,27,0,136,38.94359156523703,0.532,0.16340949406076022,identical
clustered,1000,5.0,12,5604477760366219135,True,1,30.784,24,1,85,23.90191088595223,0.459,0.17936948607743441,identical
clustered,1000,5.0,13,983571430342894777,False,2,31.622,26.5,0,89,23.82035087902778,0.429,0.16116472073388963,identical
clustered,1000,5.0,14,7073247538119246557,False,4,32.796,26,0,90,25.129074475594987,0.451,0.15975920565000776,identical
clustered,1000,5.0,15,2131934572973379742,True,1,31.304,22,1,90,24.60031674592826,0.44,0.16095982918145307,identical
clustered,1000,5.0,16,5961047805642364196,False,2,29.88,24.5,0,82,23.275815775177453,0.467,0.16677575160015592,identical
clustered,1000,5.0,17,7287238468266269981,False,2,31.186,27,0,86,23.09994380945548,0.438,0.15786267012818667,identical
clustered,1000,5.0,18,3569303815433674555,False,2,41.646,30.5,0,139,37.4987824335671,0.475,0.1472457659646188,identical
clustered,1000,5.0,19,967526905693886182,False,3,31.338,26,0,86,23.197580822146094,0.427,0.17228172273025535,identical
clustered,1000,5.0,20,5171636443826655979,False,4,43.646,29,0,157,41.50723652569514,0.483,0.14868342418519048,identical
clustered,1000,5.0,21,6876779211334294302,False,3,29.19,22.5,0,80,22.385037413415255,0.46,0.17013987383757675,identical
clustered,1000,5.0,22,1167322435326984339,False,4,38.532,25,1,131,35.6622065497916,0.528,0.16205625165091825,identical
clustered,1000,5.0,23,335376723013330298,False,4,40.088,26,0,139,37.173542419306756,0.489,0.15604460216689192,identical
clustered,1000,8.0,0,1229955524933644539,True,1,48.846,42,1,148,37.715252670504555,0.418,0.14677379596248935,identical
clustered,1000,8.0,1,7567360411718227822,True,1,40.864,39.5,2,89,25.516102837228107,0.369,0.13537761557373573,identical
clustered,1000,8.0,2,1231461419274128251,True,1,44.62,38,1,130,32.59622063982263,0.405,0.13564344379506035,identical
clustered,1000,8.0,3,8864826725836183887,False,2,36.61,32,0,89,23.57922602631394,0.413,0.13636259053883693,identical
clustered,1000,8.0,4,6005316731981902167,True,1,41.34,37,2,105,28.603503281940828,0.394,0.14600619446562896,identical
clustered,1000,8.0,5,1955842267517457140,True,1,44.63,40,1,108,30.737421817712672,0.411,0.1338270338069983,identical
clustered,1000,8.0,6,1575295148737522999,True,1,50.91,40.5,2,146,40.58068382863946,0.436,0.129861523727543,identical
clustered,1000,8.0,7,4207879395795775302,True,1,38.264,35,1,92,23.77511943187667,0.369,0.1398278841516325,identical
clustered,1000,8.0,8,4690362352754080992,True,1,37.342,36,1,85,22.54384696541388,0.372,0.14523899287088704,identical
clustered,1000,8.0,9,5487805714833008574,True,1,37.482,33,1,86,23.455227050702387,0.393,0.13975530362393632,identical
clustered,1000,8.0,10,4862852616840163137,False,2,39.76,26,0,122,31.24932639274004,0.42,0.1462243886957501,identical
clustered,1000,8.0,11,8503359765646524543,True,1,38.508,35,1,93,24.771595346283203,0.396,0.13931758633258956,identical
clustered,1000,8.0,12,4176933859506443904,False,2,39.176,39,0,87,25.272020576123314,0.385,0.13837007128208106,identical
clustered,1000,8.0,13,1952734026041773315,True,1,45.06,38,1,129,33.554916182282476,0.414,0.13608728766882364,identical
clustered,1000,8.0,14,2061956885830877573,False,4,34.306,28,0,87,22.823855152011454,0.444,0.15787956193306746,identical
clustered,1000,8.0,15,4180535935261009495,True,1,37.058,35,2,92,22.93788647630814,0.397,0.14577545340069265,identical
clustered,1000,8.0,16,4695821701567033303,False,2,36.484,30,0,86,24.51545928592815,0.437,0.14457540721812856,identical
clustered,1000,8.0,17,7233115354399816211,True,1,54.858,43,1,165,44.52697874322938,0.446,0.1233567470915615,identical
clustered,1000,8.0,18,4300476253347527901,True,1,40.638,40,2,94,24.83249798147579,0.364,0.14346703494881485,identical
clustered,1000,8.0,19,1819627071943025167,False,2,36.046,32.5,0,91,22.75170068368516,0.382,0.143807141674557,identical
clustered,1000,8.0,20,2122673976111544007,False,2,44.966,36,0,131,34.779230066233495,0.443,0.13214359015479848,identical
clustered,1000,8.0,21,3622329942494884716,True,1,41.866,33,2,119,31.204583701757677,0.437,0.1375793231196853,identical
clustered,1000,8.0,22,2619696866272684301,True,1,36.188,35,3,85,22.361544132729286,0.364,0.1460198216746986,identical
clustered,1000,8.0,23,8229996039514338516,True,1,34.306,29.5,2,83,22.40398098553023,0.431,0.14497446889220378,identical
clustered,1000,12.0,0,9016030882386993176,False,2,44.07,40.5,0,104,23.816697923935628,0.383,0.13075624475406705,identical
clustered,1000,12.0,1,5176456635476948110,False,2,56.162,50,0,124,36.57963581010615,0.434,0.1192855857302284,identical
clustered,1000,12.0,2,8789584476999173246,False,3,42.296,39,0,91,22.930948170540184,0.44,0.1326737234825654,identical
clustered,1000,12.0,3,6430371763493148931,False,2,47.412,44,0,105,26.058132243121346,0.374,0.12704321693518766,identical
clustered,1000,12.0,4,639525821481219268,True,1,57.132,52,2,137,37.810006294630504,0.422,0.11385693991960708,identical
clustered,1000,12.0,5,3945063492519924862,False,2,50.076,45,0,125,30.820646067206308,0.385,0.1262220551099271,identical
clustered,1000,12.0,6,6334905588451092550,True,1,49.754,48,3,107,27.05552594203264,0.37,0.12790758447118883,identical
clustered,1000,12.0,7,7341581761191394727,False,2,42.302,38,0,99,23.618611220814834,0.362,0.12490625577115833,identical
clustered,1000,12.0,8,6190837527213237992,True,1,53.254,48,4,143,35.17268093279213,0.39,0.11996404665125399,identical
clustered,1000,12.0,9,5562014436821067057,True,1,44.302,41,1,105,24.73391994811983,0.361,0.12926361598701247,identical
clustered,1000,12.0,10,8933629292141519825,True,1,51.982,50,3,118,31.50624820571311,0.388,0.11592103907975201,identical
clustered,1000,12.0,11,7982348457989928783,False,2,58.86,55,0,157,41.194858902537824,0.436,0.11734094328819583,identical
clustered,1000,12.0,12,7100455778468779963,False,2,49.724,41.5,1,135,32.934265195993056,0.394,0.1299151102052773,identical
clustered,1000,12.0,13,2627643535189281332,True,1,48.91,47,4,111,28.645800739375417,0.398,0.12491058037829206,identical
clustered,1000,12.0,14,4755595425626354186,False,2,59.9,48,0,148,42.961284896986115,0.442,0.1133357939905126,identical
clustered,1000,12.0,15,6509798868144928923,True,1,55.382,49,3,150,35.40807924753896,0.365,0.11854252640306487,identical
clustered,1000,12.0,16,20977388706711191,True,1,46.11,47,4,101,24.473003493645805,0.385,0.1268532031208503,identical
clustered,1000,12.0,17,411201841549806275,True,1,43.322,39,1,93,23.105633858433794,0.365,0.13103738311999483,identical
clustered,1000,12.0,18,3679291038788806189,True,1,44.3,43,1,89,23.022858206573783,0.362,0.12373886587844864,identical
clustered,1000,12.0,19,6083668962473340428,True,1,53.964,50,2,132,32.97794268901565,0.343,0.11541449721495159,identical
clustered,1000,12.0,20,7068476429013809257,False,2,61.398,50,0,164,43.19024885318443,0.396,0.112608018398088,identical
clustered,1000,12.0,21,6383118347132915591,False,2,52.702,49,0,117,31.334472965090683,0.391,0.1215985514134085,identical
clustered,1000,12.0,22,4145047190520466002,True,1,56.668,48,3,154,38.49558125291785,0.359,0.11796959621341943,identical
clustered,1000,12.0,23,919084029058100844,True,1,51.08,46,1,129,33.12291653825188,0.409,0.1251911405298573,identical
clustered,2000,5.0,0,6776440157696434047,False,2,49.644,33.5,0,141,44.97260570614075,0.5245,0.14050456256727384,identical
clustered,2000,5.0,1,8308993421501030876,False,4,51.776,36.5,0,151,46.425605262613445,0.514,0.1357402104587045,identical
clustered,2000,5.0,2,4204208517761691304,False,3,50.683,33.5,0,149,46.322440684834326,0.5335,0.13986482733153974,identical
clustered,2000,5.0,3,3341376134681115677,True,1,52.003,37,1,151,46.72434045548425,0.5055,0.13860263521329502,identical
clustered,2000,5.0,4,5404885647061674784,False,3,59.716,28,0,217,61.7449054092724,0.539,0.14011375418759192,identical
clustered,2000,5.0,5,2662169289301951058,True,1,50.723,35.5,1,151,45.974887395185505,0.5175,0.14497278203569297,identical
clustered,2000,5.0,6,3929070883383323291,False,2,66.876,34,1,261,71.21102880874562,0.538,0.13906853451343668,identical
clustered,2000,5.0,7,4578120246059299927,True,1,51.34,31,1,147,47.099940551979444,0.5235,0.14079195303540093,identical
clustered,2000,5.0,8,869783359882803578,False,3,53.098,31,0,158,49.73065851162647,0.522,0.14415879513135277,identical
clustered,2000,5.0,9,9024258364342805114,False,3,52.016,33,0,155,47.92774503353982,0.5195,0.14015331156819827,identical
clustered,2000,5.0,10,8467031022939159420,False,3,50.534,31,0,154,46.68731994878274,0.512,0.14161394176882713,identical
clustered,2000,5.0,11,1262545518397263168,False,4,54.157,36,0,164,49.710082991280494,0.5255,0.13478143363058562,identical
clustered,2000,5.0,12,5321954634150327791,False,2,60.605,36,0,212,60.4555537151054,0.533,0.1389337953957229,identical
clustered,2000,5.0,13,540631601855367599,False,5,51.758,32,0,152,48.036188816349714,0.5295,0.14313479463757398,identical
clustered,2000,5.0,14,8151264970719167735,False,4,50.134,32,0,151,46.29987088534917,0.5115,0.1476368714833003,identical
clustered,2000,5.0,15,7837419151434464815,False,4,51.657,35,0,151,47.35053696633232,0.518,0.14340381239512354,identical
clustered,2000,5.0,16,4370616901447433902,False,3,64.649,43,0,208,61.42413042933529,0.5395,0.1362997850512134,identical
clustered,2000,5.0,17,3417497083849714984,False,2,51.109,32,0,152,47.337470559800714,0.533,0.13480710680756772,identical
clustered,2000,5.0,18,5013578143787285345,False,2,52.829,32,1,160,49.31547180145396,0.505,0.1471875372974854,identical
clustered,2000,5.0,19,4327352859598756318,False,3,49.853,28,0,150,46.78029917604193,0.52,0.14011399885603087,identical
clustered,2000,5.0,20,7726946444720315708,False,2,51.714,33,1,153,47.64733155172491,0.5185,0.1492686897485472,identical
clustered,2000,5.0,21,8653218763131714002,False,2,49.435,29,0,159,46.374182203031864,0.513,0.14642346702931416,identical
clustered,2000,5.0,22,7907485676582923068,False,2,54.771,39,0,158,49.92635134876166,0.528,0.13586047374800708,identical
clustered,2000,5.0,23,3304578187583836243,False,4,59.471,39,0,186,56.51234519111737,0.535,0.13886753907728566,identical
clustered,2000,8.0,0,5132206088740769878,True,1,61.919,50,1,161,49.47336090261097,0.4665,0.11648914475244118,identical
clustered,2000,8.0,1,8896945323457699999,False,2,71.674,52,1,230,62.68460515948079,0.473,0.1138024640323067,identical
clustered,2000,8.0,2,1419477266611598332,True,1,55.522,39.5,2,160,46.00687466020715,0.4945,0.1296916086610892,identical
clustered,2000,8.0,3,2834781373415040724,True,1,59.776,48,1,159,47.63046109371604,0.46,0.1217656517642087,identical
clustered,2000,8.0,4,7121128756871996254,False,2,70.674,43,0,251,68.35528307307334,0.5065,0.12475308267850595,identical
clustered,2000,8.0,5,2981234937551747247,False,3,65.835,46,0,199,57.588130504471174,0.456,0.12393996752672248,identical
clustered,2000,8.0,6,3238395358003003629,True,1,65.433,53,2,171,54.1762725831152,0.466,0.11972800694683783,identical
clustered,2000,8.0,7,5732248764006827280,True,1,57.587,48,2,157,45.349547197298456,0.453,0.12549477377596285,identical
clustered,2000,8.0,8,1439863868337260355,True,1,57.433,44,2,157,46.7599562767118,0.484,0.12733806727089658,identical
clustered,2000,8.0,9,6493402309704542818,True,1,59.655,48,2,157,47.59178474274735,0.4585,0.12097951257666964,identical
clustered,2000,8.0,10,534216223303928931,True,1,68.469,39,2,241,65.48621258707817,0.5085,0.12825697618509713,identical
clustered,2000,8.0,11,2972474267971221258,True,1,63.328,48,2,167,53.05091343228686,0.4755,0.1186687695823138,identical
clustered,2000,8.0,12,4518792543610427019,True,1,59.758,50,2,155,47.35746441692164,0.4575,0.11831065618795972,identical
clustered,2000,8.0,13,6677945938968398375,False,2,63.052,44,1,200,55.102107908863196,0.5025,0.1226349036661226,identical
clustered,2000,8.0,14,3748278377750348795,True,1,66.58,43.5,2,215,59.034173154199465,0.4725,0.12304899346055886,identical
clustered,2000,8.0,15,9064414734706071414,True,1,58.758,44,3,154,47.896225696812515,0.441,0.12387556066773027,identical
clustered,2000,8.0,16,8482343177200218050,True,1,66.572,43,2,210,59.366487313971994,0.4905,0.12222649848680467,identical
clustered,2000,8.0,17,5869266637378518099,False,2,61.562,46,0,160,50.6702985584257,0.4655,0.12433283485291269,identical
clustered,2000,8.0,18,609772530349580956,True,1,58.765,41.5,1,162,48.33969150708352,0.469,0.12475078787766741,identical
clustered,2000,8.0,19,8919480740462400239,True,1,58.236,48,1,159,46.71317056248699,0.4705,0.12492974884191851,identical
clustered,2000,8.0,20,2891443683695619129,True,1,60.519,46,2,162,49.021104016535446,0.4505,0.12259128672063467,identical
clustered,2000,8.0,21,3166610561926841955,True,1,56.463,42,3,156,46.77648587698742,0.507,0.12596432126170504,identical
clustered,2000,8.0,22,6247514720855129597,True,1,54.528,42,3,149,44.3433897666834,0.4965,0.13136613746910303,identical
clustered,2000,8.0,23,6024721037640297136,True,1,59.728,42,2,168,50.41169523037279,0.4945,0.12301349433516129,identical
clustered,2000,12.0,0,1701141971018295427,False,3,65.248,52,0,169,48.11481576396198,0.472,0.11463547274184652,identical
clustered,2000,12.0,1,6625078548233826258,True,1,82.671,63.5,3,272,69.06957911410781,0.413,0.10944653698793995,identical
clustered,2000,12.0,2,245875804435905897,True,1,66.92,55.5,1,165,47.80562310021695,0.388,0.10727647028013179,identical
clustered,2000,12.0,3,7117977464363722928,False,2,81.697,57.5,0,225,68.61908037127868,0.4985,0.10474118660575392,identical
clustered,2000,12.0,4,8070189641717550548,True,1,81.724,60,4,266,70.11829878141651,0.4515,0.1085848312080941,identical
clustered,2000,12.0,5,1152578070128781265,True,1,75.083,45,2,227,64.2344620200091,0.486,0.11292715260121469,identical
clustered,2000,12.0,6,374932329344968870,True,1,91.556,66,2,284,80.00895489881121,0.481,0.09774217475959879,identical
clustered,2000,12.0,7,1364987862861598073,False,2,78.272,54,0,259,67.91660338974557,0.4835,0.10798923669161986,identical
clustered,2000,12.0,8,5051692102354882895,True,1,65.16,55.5,2,163,47.02275406651551,0.399,0.1158899044186354,identical
clustered,2000,12.0,9,517490648715652039,True,1,83.504,60,3,279,73.06797509169115,0.4515,0.10262993278062654,identical
clustered,2000,12.0,10,9171678820258522567,True,1,71.755,65,4,164,49.24532439734764,0.352,0.10760116479113341,identical
clustered,2000,12.0,11,3700024934740702428,False,2,75.014,61.5,0,214,56.58709043589364,0.4305,0.10878489908447078,identical
clustered,2000,12.0,12,6585520099943239286,False,2,61.679,49,0,153,45.027724337345916,0.4485,0.11880999658013558,identical
clustered,2000,12.0,13,7375351301770569643,False,3,70.066,55,0,193,53.252029482452585,0.464,0.11414401184495906,identical
clustered,2000,12.0,14,8212420804821986837,True,1,66.799,56,2,168,48.5159313937185,0.399,0.10929912348756672,identical
clustered,2000,12.0,15,3602901474432260965,True,1,83.662,66,5,221,67.20813757276731,0.4365,0.10070554895353398,identical
clustered,2000,12.0,16,5703490834617143691,True,1,73.992,66,4,193,54.79738986484666,0.4355,0.10748209369379517,identical
clustered,2000,12.0,17,680454964680916364,True,1,67.78,60,3,173,46.243222206070335,0.4185,0.10857866023724468,identical
clustered,2000,12.0,18,7947365009601732243,True,1,62.122,49,1,159,45.96138722884678,0.437,0.11703827734642427,identical
clustered,2000,12.0,19,4864087190969174637,True,1,101.733,76,2,264,86.18817036577578,0.5025,0.09811666033880681,identical
clustered,2000,12.0,20,2582870129550214023,False,3,64.064,53,0,166,46.49436421761241,0.441,0.10747598741176413,identical
clustered,2000,12.0,21,1598068872401817008,True,1,78.878,64,4,246,63.86381695451657,0.4275,0.1033613433017262,identical
clustered,2000,12.0,22,3638244774038922676,False,2,66.443,56,0,165,47.190250592680734,0.4295,0.11003622259707141,identical
clustered,2000,12.0,23,2468881807465589198,False,2,68.07,57,0,166,49.300508110971805,0.463,0.10692364794934509,identical
clustered,5000,5.0,0,8545728693720202468,False,4,111.0912,43,0,370,117.83737302978204,0.5742,0.11839992515268521,identical
clustered,5000,5.0,1,3044509679574474562,False,5,109.0436,49.5,0,355,114.48460900505358,0.5792,0.11114857687413002,identical
clustered,5000,5.0,2,7908590806322422326,False,6,110.1196,50,0,357,116.14810930807245,0.5734,0.11504423153464804,identical
clustered,5000,5.0,3,8470496275561891922,False,5,111.3416,42,0,369,117.85026648013998,0.5696,0.11588458337419605,identical
clustered,5000,5.0,4,1338814692463092840,False,3,109.122,48,0,352,114.6157210682725,0.5726,0.12104745928924646,identical
clustered,5000,5.0,5,7240501809433263736,False,6,127.1484,56,0,435,136.43613442721096,0.5826,0.11072198632291673,identical
clustered,5000,5.0,6,4153608645486569464,False,6,111.386,49,0,355,117.93740290510043,0.5754,0.11902808055438076,identical
clustered,5000,5.0,7,6844764183368960743,False,6,117.0888,54,0,377,122.37595889127829,0.5816,0.11310857620464543,identical
clustered,5000,5.0,8,423639842102380857,False,5,111.1784,46,1,359,118.11464504217925,0.5674,0.11756839915406868,identical
clustered,5000,5.0,9,6226575597310935150,False,4,116.0148,49,0,378,123.26446276587603,0.572,0.11424022614917351,identical
clustered,5000,5.0,10,7902949117527601081,False,4,111.0116,48,0,365,116.78879340690187,0.57,0.11626180339502006,identical
clustered,5000,5.0,11,5523554305372153462,False,3,119.6512,49,1,370,126.20012653939779,0.5808,0.1106455157683914,identical
clustered,5000,5.0,12,8598259716115506704,False,6,128.572,55,0,437,138.93598387746792,0.5796,0.11001817442131123,identical
clustered,5000,5.0,13,4688523525336456571,False,4,114.3804,49,1,370,120.56972794130361,0.5784,0.11523493492875153,identical
clustered,5000,5.0,14,2943618419900478559,False,6,114.1448,55,0,368,119.50288629551991,0.575,0.11570305887717827,identical
clustered,5000,5.0,15,5862503212361352920,False,4,111.9572,45.5,0,363,119.18678688579459,0.5722,0.11501402106850664,identical
clustered,5000,5.0,16,7851251706939453203,False,4,113.6924,46,0,360,120.53548100970089,0.585,0.11771126950482032,identical
clustered,5000,5.0,17,7154253341293057315,False,3,110.9848,53,0,356,116.49532251966188,0.5802,0.11738809850273646,identical
clustered,5000,5.0,18,2760382521694674512,False,6,143.48,52.5,0,567,163.65019156725725,0.5786,0.10973002775734167,identical
clustered,5000,5.0,19,2769244382051746221,False,2,115.0192,48,1,367,122.82636211888715,0.5802,0.11879193895604605,identical
clustered,5000,5.0,20,3736772995498604246,False,5,109.9916,47,0,360,115.89351461337262,0.574,0.11774074059791595,identical
clustered,5000,5.0,21,6050398791559565059,False,5,111.7828,51,0,352,117.9960627485509,0.5784,0.1124056588000627,identical
clustered,5000,5.0,22,6066434099060854482,False,4,114.9292,51,1,368,121.12306216142305,0.5738,0.11489238432825888,identical
clustered,5000,5.0,23,8504874081928227833,False,7,110.2656,45,1,352,117.03363216033247,0.5676,0.11605785232980473,identical
clustered,5000,8.0,0,3268180635568672354,True,1,119.2012,65,2,360,118.59981078635778,0.5526,0.1007423176405074,identical
clustered,5000,8.0,1,2083152130031488866,False,2,192.6524,75,0,724,217.78640631187176,0.567,0.09676142796851839,identical
clustered,5000,8.0,2,3022990404184313884,True,1,121.8224,69,2,367,120.51561250825586,0.548,0.10058703444951525,identical
clustered,5000,8.0,3,1982998683535404045,False,2,141.8928,64,0,511,150.5450381386248,0.5558,0.09774951720582728,identical
clustered,5000,8.0,4,6934340097971797488,True,1,118.4112,63,1,359,118.66191855250003,0.5532,0.10304230362793435,identical
clustered,5000,8.0,5,7615360690705216059,False,2,118.2048,55,0,370,119.35681319874422,0.5566,0.10316477925147872,identical
clustered,5000,8.0,6,2635852966599471709,True,1,141.8996,68,1,509,150.0107260159753,0.55,0.0970179595275349,identical
clustered,5000,8.0,7,175541919574392139,True,1,120.3028,60,1,374,121.1904563575862,0.5402,0.1013958805986686,identical
clustered,5000,8.0,8,8956153842833097186,True,1,122.7652,67.5,1,372,121.56358693687845,0.5562,0.09933674485368515,identical
clustered,5000,8.0,9,7772647537103444715,False,2,115.9504,60,0,358,116.05466272339068,0.5448,0.10448220293501939,identical
clustered,5000,8.0,10,6036983206155917427,True,1,121.5264,73,1,374,118.33285470671245,0.552,0.09868784130165276,identical
clustered,5000,8.0,11,5882539474383486527,True,1,119.4032,64,2,378,119.5040393867924,0.5456,0.10166623813352187,identical
clustered,5000,8.0,12,2162356793068554649,False,2,120.1788,66,0,362,119.75010158893352,0.5478,0.10256813021306593,identical
clustered,5000,8.0,13,261282710933053814,False,2,122.49,67,0,362,121.8336977194733,0.5474,0.1011947488879064,identical
clustered,5000,8.0,14,7872411947616470136,True,1,134.6688,68,1,439,139.0092900009207,0.5494,0.09920630526548688,identical
clustered,5000,8.0,15,4995754114565190740,True,1,131.2928,62.5,1,427,134.51387240043326,0.566,0.10008782443962926,identical
clustered,5000,8.0,16,1109812736942535286,True,1,120.618,67,1,363,119.97133355931324,0.5388,0.10196007566805698,identical
clustered,5000,8.0,17,8349463479959547355,True,1,120.8352,67,1,380,120.771703809129,0.5428,0.10160293889322186,identical
clustered,5000,8.0,18,593584420858214917,False,2,114.4668,54,0,374,116.10698729086029,0.55,0.10395425478646941,identical
clustered,5000,8.0,19,1598824272868620256,True,1,117.3528,58,1,365,117.04111214509224,0.5698,0.10325862752628785,identical
clustered,5000,8.0,20,6672034422409212362,True,1,166.6388,64,1,686,191.80609775124447,0.5504,0.0992321968353182,identical
clustered,5000,8.0,21,8621256665853454880,True,1,120.02,66,1,373,118.44371321433658,0.5354,0.10076108731942227,identical
clustered,5000,8.0,22,1693892571638913826,True,1,118.0636,65,1,356,117.11422439242564,0.5434,0.10186352218235226,identical
clustered,5000,8.0,23,124057925708424869,True,1,119.9136,59.5,1,384,120.52887842770261,0.5446,0.10442296336296289,identical
clustered,5000,12.0,0,2576605183714650413,True,1,127.2068,87,3,368,115.96113501410733,0.514,0.0916533380512431,identical
clustered,5000,12.0,1,2699646143595629151,True,1,128.2912,75.5,2,367,119.21405287364412,0.5118,0.08971262380251692,identical
clustered,5000,12.0,2,287910941701125476,False,2,130.8328,82,0,395,121.80226124403448,0.5254,0.08800967490541747,identical
clustered,5000,12.0,3,3104435725664330743,False,2,128.0492,77,0,375,120.14797035056374,0.5312,0.09204120487196216,identical
clustered,5000,12.0,4,6724726597844073422,True,1,123.2544,76.5,1,380,115.1379072271153,0.5332,0.09210222191664025,identical
clustered,5000,12.0,5,2006118575165969440,True,1,129.7856,84,2,385,119.98220214948579,0.5154,0.09009480090155261,identical
clustered,5000,12.0,6,2086143618730031886,True,1,129.9936,83,3,379,119.92061357014492,0.5148,0.09106749616963856,identical
clustered,5000,12.0,7,4608835859992175119,True,1,128.5292,85,4,372,117.52988363543952,0.5278,0.09113169697943829,identical
clustered,5000,12.0,8,3274955081520294604,True,1,125.1696,74,1,370,118.70933255578534,0.5322,0.09455113035193699,identical
clustered,5000,12.0,9,2993649442288730110,True,1,150.4592,79.5,2,529,152.42233804583879,0.5466,0.08756024714680252,identical
clustered,5000,12.0,10,8569401417376011938,True,1,128.1624,83.5,1,376,118.06130452540322,0.5194,0.09228001085967452,identical
clustered,5000,12.0,11,7013365213920891709,True,1,160.4972,103,3,560,159.6882424981876,0.5398,0.08450130250098237,identical
clustered,5000,12.0,12,2391899413077629504,True,1,126.3356,73,2,373,117.89107079265995,0.5226,0.09557776292771837,identical
clustered,5000,12.0,13,2794754131845832146,True,1,131.484,85,3,377,121.81969358030766,0.516,0.08977743336176225,identical
clustered,5000,12.0,14,2581043078720909482,False,2,129.4704,80,0,367,120.44245067184463,0.528,0.0919141613047415,identical
clustered,5000,12.0,15,85213368666162585,True,1,125.7936,75,1,369,118.27134479255743,0.5274,0.09448668101206159,identical
clustered,5000,12.0,16,6709209826930913021,True,1,131.2908,83,3,378,122.15784148125739,0.5356,0.08913284687763176,identical
clustered,5000,12.0,17,267237332091857617,True,1,125.2404,81,1,374,114.69957893488557,0.5282,0.09203322150344692,identical
clustered,5000,12.0,18,4536903930614568339,True,1,123.9988,73,3,366,116.58877132279933,0.522,0.09168734819706273,identical
clustered,5000,12.0,19,4108723655727276526,True,1,122.0936,74.5,1,368,114.47336825235816,0.533,0.09531689714664802,identical
clustered,5000,12.0,20,4070002174788073620,True,1,135.1208,85,3,407,126.64163378352308,0.5312,0.09213752783121361,identical
clustered,5000,12.0,21,3961302402260477527,True,1,127.5144,85,3,379,117.19115065840066,0.5274,0.09177001180694969,identical
clustered,5000,12.0,22,2059006514481023720,True,1,129.7896,87,2,384,119.38455231662118,0.5298,0.0900363092448082,identical
clustered,5000,12.0,23,5553034589124919487,False,2,129.2848,82,0,398,121.25240487907861,0.5456,0.09213007390532992,identical
clustered,10000,5.0,0,5460128664220777801,False,9,215.8506,66,0,719,240.57004443537875,0.5894,0.10072012130553037,identical
clustered,10000,5.0,1,4421203567195692679,False,3,282.3194,72,0,1185,339.4454111983837,0.5938,0.09439400374664983,identical
clustered,10000,5.0,2,1748225399287101433,False,6,211.5546,57,0,707,237.335173159902,0.5914,0.10136991666493263,identical
clustered,10000,5.0,3,8045726489666216372,False,4,210.6238,56,0,719,237.2518022556622,0.5859,0.10098189731716035,identical
clustered,10000,5.0,4,30630464943235238,False,9,214.1216,63,0,701,239.32080731403147,0.5896,0.09841294271295345,identical
clustered,10000,5.0,5,2648851372359595343,False,10,209.5534,65,0,692,233.6873431498592,0.5966,0.09850446391980328,identical
clustered,10000,5.0,6,8258392131403526432,False,6,210.4608,73,0,703,235.12376116283886,0.5904,0.09684142098941492,identical
clustered,10000,5.0,7,4769304740282347979,False,14,214.0506,59,0,702,239.14988571947956,0.5883,0.09943954576181957,identical
clustered,10000,5.0,8,7672752838095513758,False,6,214.0708,63.5,0,709,238.67900240146813,0.5912,0.10285593240324059,identical
clustered,10000,5.0,9,2844373553685775945,False,11,214.0132,65,0,698,238.08499916156262,0.5956,0.1005403620438236,identical
clustered,10000,5.0,10,6475489816604459197,False,7,213.252,60,0,708,238.04167470424173,0.5893,0.09976816016154544,identical
clustered,10000,5.0,11,2941963205842184099,False,3,216.2312,59,0,728,242.1346933972071,0.5914,0.10251253305999615,identical
clustered,10000,5.0,12,3217591987175585809,False,6,215.0414,67,0,715,240.479445038534,0.5927,0.10135166380840137,identical
clustered,10000,5.0,13,8071137105162870413,False,9,214.6226,61,0,710,240.40662422079814,0.5903,0.09764549289625449,identical
clustered,10000,5.0,14,3812729346734033948,False,4,217.3908,61,0,721,242.65205681254514,0.5941,0.10201018811654858,identical
clustered,10000,5.0,15,7848945334137759840,False,9,215.3392,64,0,720,239.87024188790116,0.5901,0.10319817986020813,identical
clustered,10000,5.0,16,7791967685479879995,False,5,209.274,60,1,695,234.0371960266137,0.5865,0.1004378478853786,identical
clustered,10000,5.0,17,7239279540665858045,False,7,211.9274,67,0,704,235.77446157130623,0.5927,0.09609141692566404,identical
clustered,10000,5.0,18,8226441874577330648,False,3,211.506,60,0,709,236.087986064518,0.5916,0.1003742109729864,identical
clustered,10000,5.0,19,4622385190133339265,False,3,213.3654,66.5,0,721,238.58595198133463,0.5876,0.09961343025177449,identical
clustered,10000,5.0,20,2714688457179873781,False,11,237.5426,72,0,752,261.7829845219895,0.5993,0.09290072970443125,identical
clustered,10000,5.0,21,2702848599278270357,False,8,211.1094,59,0,698,236.75552587350472,0.5905,0.09999402606974402,identical
clustered,10000,5.0,22,6986928947350033801,False,11,219.6364,63,0,725,246.84910085929158,0.5905,0.09891852178380295,identical
clustered,10000,5.0,23,5223659821895514110,False,7,208.406,55,0,707,233.5184385953286,0.5898,0.10274574085399855,identical
clustered,10000,8.0,0,2010115533031060088,True,1,223.608,86,2,698,240.0630032637269,0.5712,0.08470695794082272,identical
clustered,10000,8.0,1,4710613826277254812,True,1,219.3918,88,2,698,235.9040900297416,0.5714,0.0883464995626968,identical
clustered,10000,8.0,2,4392895888581873426,False,3,217.9756,70.5,0,705,238.00579657781452,0.5794,0.08802580588944703,identical
clustered,10000,8.0,3,7259142591405764047,True,1,219.3432,85,1,710,235.4547986636918,0.5745,0.0882115176279075,identical
clustered,10000,8.0,4,2622339644083313204,True,1,221.4476,79.5,1,720,239.80908167590312,0.5742,0.08740730339248441,identical
clustered,10000,8.0,5,3183557350543543871,True,1,219.423,85,1,703,236.83374056709062,0.574,0.0881009051057367,identical
clustered,10000,8.0,6,2785440579856067352,True,1,220.8806,91.5,1,710,237.5813143823392,0.5727,0.08893570650131938,identical
clustered,10000,8.0,7,5470756894989490164,True,1,220.3374,82.5,2,716,239.0214755231007,0.5691,0.08743205768073511,identical
clustered,10000,8.0,8,7128579067627986664,False,2,220.6596,90,0,709,237.29768757373094,0.5707,0.0875410514045086,identical
clustered,10000,8.0,9,7649521047046882256,True,1,220.5862,81,1,713,239.89664684934593,0.5727,0.08884390908782994,identical
clustered,10000,8.0,10,6940852599489108842,True,1,216.07,74,2,693,234.70592727922298,0.5781,0.08780223890856122,identical
clustered,10000,8.0,11,3217651166265017430,True,1,225.976,95,3,718,244.24338481113526,0.5771,0.08626465935021932,identical
clustered,10000,8.0,12,7309097581174322730,True,1,216.1636,74,1,718,235.67171454173283,0.5807,0.09029296767867932,identical
clustered,10000,8.0,13,282491259271920456,True,1,222.1968,85,2,742,240.64441292030807,0.574,0.08730620268630479,identical
clustered,10000,8.0,14,2433373612566992591,True,1,223.6856,78,1,722,243.5282721834158,0.5808,0.08888827551063724,identical
clustered,10000,8.0,15,6216086862721431393,True,1,226.5912,91.5,1,728,244.65583435217727,0.5733,0.08898389013990654,identical
clustered,10000,8.0,16,171759641331289689,True,1,216.6738,74.5,2,704,236.00039278263927,0.5716,0.086263653812657,identical
clustered,10000,8.0,17,1275027966246529408,True,1,219.6312,87,2,713,236.4136548225611,0.5745,0.08777925810984175,identical
clustered,10000,8.0,18,40645501789218307,False,2,220.2656,73,0,709,239.79937376198464,0.5822,0.08718036894018402,identical
clustered,10000,8.0,19,6926881573322539370,False,2,225.6256,92,0,699,239.87814536684996,0.5791,0.08485653556255474,identical
clustered,10000,8.0,20,882768868147799916,True,1,218.6124,87,2,697,235.8146737720952,0.5771,0.08539537624982782,identical
clustered,10000,8.0,21,2505743602781334607,True,1,216.2592,73.5,2,714,235.35036863230079,0.5744,0.08896264015784582,identical
clustered,10000,8.0,22,8533816540200330679,False,2,263.6824,84,0,935,289.7904024122259,0.5786,0.08357418958162689,identical
clustered,10000,8.0,23,7273150708371525858,True,1,236.8028,98,1,742,252.53637106793457,0.5764,0.08484999081196581,identical
clustered,10000,12.0,0,5723512278988728527,True,1,229.9026,103.5,2,720,237.92774431167203,0.5537,0.07864037353359576,identical
clustered,10000,12.0,1,58860236850607274,True,1,267.5426,117,4,893,285.0471539679705,0.5575,0.0747316536133604,identical
clustered,10000,12.0,2,7258086489124943975,True,1,227.0854,105.5,1,733,236.60798614341175,0.5509,0.07780975964544454,identical
clustered,10000,12.0,3,1397793951844004548,True,1,230.7122,110.5,2,722,238.39190206707912,0.5506,0.0780361632184019,identical
clustered,10000,12.0,4,1723898067650195165,True,1,229.9524,107,3,729,238.80416439886534,0.5541,0.0773494307076251,identical
clustered,10000,12.0,5,3207489324367701928,True,1,224.6604,98,3,707,234.32961543910773,0.5636,0.07966042828664693,identical
clustered,10000,12.0,6,4452042909247937053,True,1,229.0846,100,3,709,238.84384070526053,0.5573,0.0788919398121084,identical
clustered,10000,12.0,7,3291160102327410965,True,1,232.301,111.5,4,746,239.41917258022588,0.5588,0.07649203028350729,identical
clustered,10000,12.0,8,3821132486193085386,True,1,234.7298,110.5,3,734,243.20126272690345,0.5552,0.07916365760795684,identical
clustered,10000,12.0,9,3158363718943237193,True,1,257.9246,106,2,858,273.96137522439193,0.5621,0.0753944227835241,identical
clustered,10000,12.0,10,7508768203251877927,True,1,227.6244,103,1,702,236.3435557078718,0.5552,0.07823366696824867,identical
clustered,10000,12.0,11,7700333197867690493,True,1,228.4514,108,3,710,237.42539383570556,0.5535,0.07806268550599388,identical
clustered,10000,12.0,12,3899126907193467581,True,1,228.358,107,3,713,236.22421433036823,0.5507,0.07852191977358076,identical
clustered,10000,12.0,13,300610269529722423,True,1,230.1,105,2,754,239.44629836353846,0.5659,0.07762830257902771,identical
clustered,10000,12.0,14,3886125844881016822,True,1,271.2648,118.5,2,982,293.88944737938493,0.5651,0.07494177161887083,identical
clustered,10000,12.0,15,519712877957728983,True,1,251.4142,107,3,799,263.46980669207704,0.5575,0.0784514781316666,identical
clustered,10000,12.0,16,2482330275770311536,True,1,230.0502,110,4,722,237.64904729445274,0.562,0.07759495348434534,identical
clustered,10000,12.0,17,8233708964924046878,True,1,226.3148,105,3,713,235.24516679617435,0.5528,0.07903374726050079,identical
clustered,10000,12.0,18,4245100411823603720,True,1,225.9914,97.5,1,735,236.91595836084997,0.5613,0.0808417130899162,identical
clustered,10000,12.0,19,8058504185995897630,True,1,233.7846,105,4,730,243.69277872526305,0.557,0.07830120274825483,identical
clustered,10000,12.0,20,515904109624272400,True,1,227.6056,105,5,708,236.71032602875678,0.5606,0.08115357637646732,identical
clustered,10000,12.0,21,5628539085996742637,True,1,229.5388,104,3,715,238.44725264628224,0.5486,0.07860465339774077,identical
clustered,10000,12.0,22,4256684910966840690,True,1,230.6916,109,3,724,239.28329379511575,0.5628,0.07841511471901816,identical
clustered,10000,12.0,23,2327625017244328318,True,1,228.7772,102,2,729,237.6411213577316,0.5602,0.07802490818513405,identical
perturbed_grid,500,5.0,0,5508485298968808510,True,1,14.5,15,5,20,2.629448611401257,0.174,0.3932670674757117,identical
perturbed_grid,500,5.0,1,2817349921677258687,True,1,14.32,15,6,19,2.6723772188820925,0.172,0.3902864524484426,identical
perturbed_grid,500,5.0,2,602322245766110135,True,1,14.54,15,5,19,2.5582024939398385,0.172,0.39188627981414725,identical
perturbed_grid,500,5.0,3,9016916739504364226,True,1,14.332,15,6,19,2.6018793207987176,0.174,0.3885870283365409,identical
perturbed_grid,500,5.0,4,8404527084884639566,True,1,14.448,15,5,19,2.596015408274765,0.172,0.38860161364485,identical
perturbed_grid,500,5.0,5,8200458696504145589,True,1,14.328,15,4,19,2.6503614847790073,0.176,0.3931298087118067,identical
perturbed_grid,500,5.0,6,8100173456722064378,True,1,14.428,15,5,18,2.616259925924793,0.168,0.39351088606899465,identical
perturbed_grid,500,5.0,7,6843442888204412217,True,1,14.456,15,5,20,2.665345005810691,0.174,0.38681191086709926,identical
perturbed_grid,500,5.0,8,1594147787832526299,True,1,14.496,15,5,19,2.738244693229588,0.172,0.3898736848438117,identical
perturbed_grid,500,5.0,9,4068911006750825353,True,1,14.352,15,5,19,2.5984795554323687,0.168,0.38875881513297444,identical
perturbed_grid,500,5.0,10,1810082753979316735,True,1,14.432,15,5,19,2.6512970410725347,0.17,0.3899637290005653,identical
perturbed_grid,500,5.0,11,6166733776864312022,True,1,14.484,15,5,19,2.6049460647007687,0.172,0.3924092950347438,identical
perturbed_grid,500,5.0,12,2694325008235336002,True,1,14.504,15,5,20,2.6657051599905026,0.182,0.39297009525417126,identical
perturbed_grid,500,5.0,13,5081908720992763180,True,1,14.404,15,6,19,2.6024573003221305,0.174,0.38851510829370944,identical
perturbed_grid,500,5.0,14,9087951987086335243,True,1,14.388,15,5,20,2.671601766730961,0.178,0.3914565324125429,identical
perturbed_grid,500,5.0,15,3178023788768086101,True,1,14.408,15,4,19,2.6708680236956686,0.176,0.39189764629181223,identical
perturbed_grid,500,5.0,16,8118053470425640146,True,1,14.424,15,5,20,2.665375020517751,0.172,0.38885539369196687,identical
perturbed_grid,500,5.0,17,4515815570628392263,True,1,14.476,15,5,19,2.62400914632552,0.174,0.38777497345598405,identical
perturbed_grid,500,5.0,18,3343913890164612696,True,1,14.376,15,4,19,2.556291063239868,0.178,0.38711248472994775,identical
perturbed_grid,500,5.0,19,3027939689410861422,True,1,14.44,15,5,19,2.6522443326360396,0.172,0.3930770507991894,identical
perturbed_grid,500,5.0,20,5544929498343631754,True,1,14.46,15,6,19,2.600846016203188,0.176,0.39099955612061604,identical
perturbed_grid,500,5.0,21,2026797681502582526,True,1,14.36,15,5,19,2.702295320648726,0.176,0.3906101330759174,identical
perturbed_grid,500,5.0,22,4296163270392219740,True,1,14.452,15,5,19,2.632811425073962,0.174,0.38947024970524846,identical
perturbed_grid,500,5.0,23,4158503046655094843,True,1,14.44,15,5,19,2.5950722533293735,0.174,0.3829293096880841,identical
perturbed_grid,500,8.0,0,2787739824284667763,True,1,20.06,22,7,25,3.8021572823858927,0.144,0.30740625557029144,identical
perturbed_grid,500,8.0,1,6352103011677748438,True,1,19.964,22,7,25,3.782949114117176,0.144,0.3094949148192128,identical
perturbed_grid,500,8.0,2,2967280289105723674,True,1,19.996,22,7,25,3.838747712470824,0.146,0.30814801373442513,identical
perturbed_grid,500,8.0,3,2711732604367561685,True,1,19.98,22,7,25,3.754410739383735,0.144,0.30769642878710757,identical
perturbed_grid,500,8.0,4,1000340146730989947,True,1,19.92,22,7,25,3.780158726826158,0.144,0.3089862899462751,identical
perturbed_grid,500,8.0,5,1290425396365853906,True,1,19.968,22,7,25,3.759119045733991,0.144,0.31031057257181366,identical
perturbed_grid,500,8.0,6,1986867446101628113,True,1,19.912,22,8,25,3.8709502709283137,0.144,0.30969621845060763,identical
perturbed_grid,500,8.0,7,5228970749891140691,True,1,19.924,22,7,25,3.8113283773508697,0.144,0.3103610202905491,identical
perturbed_grid,500,8.0,8,2079253115363385647,True,1,20.064,22,7,25,3.8350885257057596,0.146,0.3086933093178402,identical
perturbed_grid,500,8.0,9,3266881493428694175,True,1,20.116,22,7,25,3.8401229146994753,0.144,0.3099096513154896,identical
perturbed_grid,500,8.0,10,9024182901179690066,True,1,20.032,22,7,25,3.8171947815116853,0.144,0.3109510909952803,identical
perturbed_grid,500,8.0,11,881663570117802101,True,1,20.052,22,7,25,3.81015695214777,0.144,0.30833078083601906,identical
perturbed_grid,500,8.0,12,2713435941796729695,True,1,19.932,22,7,25,3.7772180238900694,0.144,0.31182733203140195,identical
perturbed_grid,500,8.0,13,1059849619619354111,True,1,20.036,22,7,25,3.7691781597584404,0.144,0.31014484900502115,identical
perturbed_grid,500,8.0,14,598110510519913045,True,1,19.916,22,7,25,3.8294835160893435,0.144,0.30685617656118236,identical
perturbed_grid,500,8.0,15,3323418513673668474,True,1,20.072,22,7,25,3.767069948912551,0.144,0.30975218394106946,identical
perturbed_grid,500,8.0,16,1004595996624564099,True,1,19.996,22,7,26,3.772530185432582,0.144,0.30938676242436286,identical
perturbed_grid,500,8.0,17,1523593575711207012,True,1,20.004,22,7,25,3.850192722449098,0.144,0.3105714551300776,identical
perturbed_grid,500,8.0,18,7941416459561871530,True,1,20.032,22,7,25,3.7580548159919154,0.144,0.306713789579706,identical
perturbed_grid,500,8.0,19,1324456769604417975,True,1,20.088,22,7,26,3.869399953481164,0.144,0.3097568605298343,identical
perturbed_grid,500,8.0,20,6627263834100426381,True,1,20.052,22,7,25,3.8310959267551614,0.144,0.31153335226402584,identical
perturbed_grid,500,8.0,21,4208698307119708091,True,1,19.992,22,7,25,3.786810795379138,0.144,0.3059950145328633,identical
perturbed_grid,500,8.0,22,5720856748067264239,True,1,19.952,22,7,25,3.8431362192875764,0.144,0.31077716530279414,identical
perturbed_grid,500,8.0,23,1132465947540778784,True,1,20.032,22,7,25,3.790379400534996,0.144,0.31267150837422064,identical
perturbed_grid,500,12.0,0,9059285877871194907,True,1,32.272,36,12,40,6.435683025134148,0.178,0.252744703070171,identical
perturbed_grid,500,12.0,1,1621643112031773526,True,1,32.248,36,12,40,6.415488757686357,0.18,0.25062929498824565,identical
perturbed_grid,500,12.0,2,2667123580435568183,True,1,32.388,36,12,40,6.509182437142177,0.174,0.25066777781384275,identical
perturbed_grid,500,12.0,3,7890206124174854318,True,1,32.328,36,12,40,6.525673605077104,0.176,0.2518695570730755,identical
perturbed_grid,500,12.0,4,2883660083595858629,True,1,32.308,36,12,39,6.470327348751397,0.18,0.2502529668272324,identical
perturbed_grid,500,12.0,5,5244339478637896622,True,1,32.176,36,12,39,6.460729370589676,0.176,0.2561187064299257,identical
perturbed_grid,500,12.0,6,3192119128444985118,True,1,32.212,36,12,40,6.482210734001175,0.176,0.25532615216591703,identical
perturbed_grid,500,12.0,7,5888223697362810179,True,1,32.236,36,12,39,6.4240410957589775,0.18,0.24995693402885066,identical
perturbed_grid,500,12.0,8,5970395913859979296,True,1,32.196,36,12,40,6.444655460146811,0.184,0.2524534990917526,identical
perturbed_grid,500,12.0,9,6928472625509217011,True,1,32.272,36,12,39,6.447171162610761,0.18,0.25161816330928916,identical
perturbed_grid,500,12.0,10,9056396086621935089,True,1,32.272,36,12,40,6.46451978108195,0.18,0.25230803728944357,identical
perturbed_grid,500,12.0,11,7835668774066619148,True,1,32.236,36,12,39,6.401586053471453,0.18,0.25177540460928904,identical
perturbed_grid,500,12.0,12,5074699213409054263,True,1,32.256,36,12,40,6.479696289178992,0.182,0.2510371208589729,identical
perturbed_grid,500,12.0,13,8143058651257422464,True,1,32.292,36,12,39,6.445675759763286,0.18,0.2517139099664316,identical
perturbed_grid,500,12.0,14,2640205479878399811,True,1,32.288,36,12,40,6.439026013303561,0.176,0.25432329002953175,identical
perturbed_grid,500,12.0,15,50406223633558200,True,1,32.248,36,12,40,6.386117443329714,0.178,0.2520039051510289,identical
perturbed_grid,500,12.0,16,1936824514657948648,True,1,32.292,36,12,40,6.445675759763286,0.18,0.24913433063338938,identical
perturbed_grid,500,12.0,17,5629670383009143162,True,1,32.264,36,12,39,6.432286063290396,0.182,0.2525371093637895,identical
perturbed_grid,500,12.0,18,2826313000360765129,True,1,32.24,36,12,39,6.463930692697744,0.18,0.25227744810995234,identical
perturbed_grid,500,12.0,19,1542868807158412019,True,1,32.284,36,12,39,6.455644352037982,0.18,0.2514820956571762,identical
perturbed_grid,500,12.0,20,2782563198269368159,True,1,32.204,36,12,39,6.486168668790537,0.178,0.2508374239243401,identical
perturbed_grid,500,12.0,21,3918662665961610956,True,1,32.308,36,12,40,6.483296692270089,0.178,0.2523932005857132,identical
perturbed_grid,500,12.0,22,1539811343442460000,True,1,32.308,36,12,40,6.428462957815054,0.176,0.2540871357037542,identical
perturbed_grid,500,12.0,23,387573727040742973,True,1,32.248,36,12,39,6.4475185924508995,0.18,0.2537026507809117,identical
perturbed_grid,1000,5.0,0,3274750133400308353,True,1,14.86,15,5,19,2.3559286916203535,0.16,0.39280392863765873,identical
perturbed_grid,1000,5.0,1,6815783546862888087,True,1,14.814,15,5,20,2.3902727877796703,0.162,0.3921121229033514,identical
perturbed_grid,1000,5.0,2,7037180133752280371,True,1,14.814,15,5,19,2.381470973999055,0.164,0.38975594766746674,identical
perturbed_grid,1000,5.0,3,4622743420878960341,True,1,14.85,15,5,20,2.4375192306933777,0.164,0.38963591359026617,identical
perturbed_grid,1000,5.0,4,68148102736820533,True,1,14.844,15,5,19,2.3094726670822485,0.16,0.388691190576845,identical
perturbed_grid,1000,5.0,5,6161908057578123483,True,1,14.784,15,6,19,2.4346137270622608,0.16,0.3937663967215626,identical
perturbed_grid,1000,5.0,6,4842302428132819759,True,1,14.726,15,6,19,2.337289883604514,0.157,0.38978840214375265,identical
perturbed_grid,1000,5.0,7,5658978178930080206,True,1,14.83,15,4,19,2.388953745889606,0.162,0.39040209169963364,identical
perturbed_grid,1000,5.0,8,1441213202281606169,True,1,14.8,15,5,19,2.3233596363886506,0.165,0.39249765854762086,identical
perturbed_grid,1000,5.0,9,2121370019867345906,True,1,14.79,15,5,19,2.4194834159382146,0.167,0.3898943847919005,identical
perturbed_grid,1000,5.0,10,8683717254779876552,True,1,14.828,15,4,19,2.4266058600440132,0.161,0.39023631961199845,identical
perturbed_grid,1000,5.0,11,133646295303469325,True,1,14.826,15,6,19,2.3638367117886916,0.16,0.39023667050873695,identical
perturbed_grid,1000,5.0,12,1877434197637350885,True,1,14.91,15,5,20,2.365142701825834,0.165,0.3898964025498947,identical
perturbed_grid,1000,5.0,13,7126439738227673084,True,1,14.824,15,6,19,2.3738205492412456,0.165,0.3940761182648426,identical
perturbed_grid,1000,5.0,14,6030310428603216942,True,1,14.808,15,5,19,2.3893798358569964,0.162,0.38986426495064164,identical
perturbed_grid,1000,5.0,15,3569493261790845947,True,1,14.804,15,5,19,2.4115521972372918,0.16,0.3908670467235459,identical
perturbed_grid,1000,5.0,16,5741844215447719031,True,1,14.788,15,4,20,2.4255011853223443,0.157,0.3923659024018986,identical
perturbed_grid,1000,5.0,17,8671573673963075535,True,1,14.828,15,5,20,2.365674533827497,0.16,0.38575199154704864,identical
perturbed_grid,1000,5.0,18,3876647294143373104,True,1,14.766,15,5,19,2.385632830089328,0.162,0.3896139756125715,identical
perturbed_grid,1000,5.0,19,5630181615665349457,True,1,14.896,15,5,20,2.3721686280701033,0.166,0.3915620517902687,identical
perturbed_grid,1000,5.0,20,1332061949015707538,True,1,14.856,15,5,19,2.351013398515622,0.168,0.3896237552305864,identical
perturbed_grid,1000,5.0,21,1942118825956369966,True,1,14.814,15,5,20,2.423923266112192,0.16,0.39024165673916716,identical
perturbed_grid,1000,5.0,22,1218175922450883545,True,1,14.81,15,6,19,2.391631242478651,0.159,0.39014532581117006,identical
perturbed_grid,1000,5.0,23,7122603709224635417,True,1,14.82,15,5,19,2.3566077314648757,0.163,0.39042848813624437,identical
perturbed_grid,1000,8.0,0,9143100554158555467,True,1,20.69,22,7,25,3.3463263439180606,0.135,0.3090923749308265,identical
perturbed_grid,1000,8.0,1,4274826762246938765,True,1,20.644,22,7,26,3.3807194500579265,0.144,0.3105814029357291,identical
perturbed_grid,1000,8.0,2,6590078808599432730,True,1,20.662,22,7,25,3.3624033071599233,0.144,0.3097074349692206,identical
perturbed_grid,1000,8.0,3,7171883634092883624,True,1,20.698,22,7,25,3.3962915069233905,0.144,0.3092338180729395,identical
perturbed_grid,1000,8.0,4,2778240131226636900,True,1,20.648,22,7,25,3.336779285478742,0.144,0.30836565583047104,identical
perturbed_grid,1000,8.0,5,8858870214344278966,True,1,20.666,22,7,25,3.3335332606710364,0.135,0.30880887829823334,identical
perturbed_grid,1000,8.0,6,7885037734828470263,True,1,20.65,22,7,25,3.3739442793265026,0.135,0.3095936233601845,identical
perturbed_grid,1000,8.0,7,9153900762480601945,True,1,20.696,22,7,26,3.4049352416749312,0.144,0.30781566194322346,identical
perturbed_grid,1000,8.0,8,5747064485663733121,True,1,20.654,22,7,25,3.383826827720365,0.144,0.30882175958153196,identical
perturbed_grid,1000,8.0,9,5834989997106396868,True,1,20.594,22,8,26,3.4019353315429015,0.144,0.31049435003466463,identical
perturbed_grid,1000,8.0,10,8823372237228699711,True,1,20.674,22,7,25,3.3460011954570397,0.135,0.3075808102916769,identical
perturbed_grid,1000,8.0,11,7949363650460407736,True,1,20.724,22,7,25,3.3799147918253785,0.144,0.3055979479839231,identical
perturbed_grid,1000,8.0,12,4589456520196452461,True,1,20.676,22,7,26,3.405440353317019,0.144,0.3092163456068694,identical
perturbed_grid,1000,8.0,13,1223314766750098373,True,1,20.662,22,7,25,3.394076604910381,0.135,0.30807065646568504,identical
perturbed_grid,1000,8.0,14,8326152409809982948,True,1,20.624,22,7,25,3.325150222170423,0.144,0.30827092680055096,identical
perturbed_grid,1000,8.0,15,1731861158177336634,True,1,20.636,22,7,26,3.3940394812082118,0.144,0.3078130259352159,identical
perturbed_grid,1000,8.0,16,1074931659443191933,True,1,20.638,22,7,25,3.3901262513363672,0.144,0.30633730529547115,identical
perturbed_grid,1000,8.0,17,1908021697961491581,True,1,20.7,22,7,25,3.4126236241343686,0.144,0.30602617831685947,identical
perturbed_grid,1000,8.0,18,4196541091124275475,True,1,20.652,22,7,25,3.3613830486869376,0.144,0.30734441081957,identical
perturbed_grid,1000,8.0,19,3326083251127592823,True,1,20.636,22,7,26,3.3614734864342,0.144,0.3105927807660046,identical
perturbed_grid,1000,8.0,20,7580394479132934410,True,1,20.682,22,7,26,3.427663344028986,0.135,0.3099268337546156,identical
perturbed_grid,1000,8.0,21,1785965044862503785,True,1,20.622,22,7,25,3.378626348088819,0.144,0.3092910648022323,identical
perturbed_grid,1000,8.0,22,6840544395650330289,True,1,20.676,22,7,25,3.313159217423744,0.135,0.30867106340417527,identical
perturbed_grid,1000,8.0,23,7184347585461863263,True,1,20.606,22,7,25,3.3989357157792663,0.135,0.3073822087329028,identical
perturbed_grid,1000,12.0,0,5644779589700855385,True,1,33.606,36,12,40,5.766174121547143,0.16,0.2517559674507467,identical
perturbed_grid,1000,12.0,1,7879132336181542053,True,1,33.628,36,12,41,5.792375678424194,0.158,0.250404834844427,identical
perturbed_grid,1000,12.0,2,6848609232934683252,True,1,33.616,36,12,40,5.748786306691146,0.156,0.2533731212093693,identical
perturbed_grid,1000,12.0,3,1106651215236446823,True,1,33.632,36,12,40,5.768411913169866,0.156,0.2524658204160609,identical
perturbed_grid,1000,12.0,4,241316258935944765,True,1,33.58,36,12,40,5.770233964060759,0.158,0.25309636758255594,identical
perturbed_grid,1000,12.0,5,4342255662489102835,True,1,33.586,36,12,40,5.738345057592813,0.155,0.25172343652736007,identical
perturbed_grid,1000,12.0,6,5141754412626417458,True,1,33.568,36,12,40,5.784753754482563,0.158,0.25133076306971425,identical
perturbed_grid,1000,12.0,7,8658351090254977117,True,1,33.572,36,12,40,5.75593745622731,0.157,0.2527958747493455,identical
perturbed_grid,1000,12.0,8,5673845785074623190,True,1,33.612,36,12,40,5.745211571387081,0.157,0.25107430059821084,identical
perturbed_grid,1000,12.0,9,572054366935704942,True,1,33.578,36,12,40,5.744033077899173,0.156,0.2523519160472581,identical
perturbed_grid,1000,12.0,10,7997306674549454694,True,1,33.602,36,12,40,5.717306708582286,0.158,0.2529159885145931,identical
perturbed_grid,1000,12.0,11,4387468346413363439,True,1,33.58,36,12,40,5.789265929286748,0.158,0.25132126032910573,identical
perturbed_grid,1000,12.0,12,2793916267864543013,True,1,33.652,36,11,40,5.7725987215465,0.158,0.25214699958794673,identical
perturbed_grid,1000,12.0,13,5673046198456248959,True,1,33.666,36,12,40,5.803830114674258,0.157,0.2503286035783298,identical
perturbed_grid,1000,12.0,14,729110587840849614,True,1,33.562,36,12,40,5.754142507793867,0.158,0.2535953533748473,identical
perturbed_grid,1000,12.0,15,650680709512238114,True,1,33.582,36,12,40,5.751284726041655,0.156,0.2522580852311635,identical
perturbed_grid,1000,12.0,16,6823062931401799407,True,1,33.648,36,12,40,5.755527430218712,0.157,0.2528257575726254,identical
perturbed_grid,1000,12.0,17,6870753357423921742,True,1,33.634,36,12,40,5.768365799773836,0.155,0.25387878303919137,identical
perturbed_grid,1000,12.0,18,6717849081108368949,True,1,33.664,36,12,39,5.775907201470593,0.155,0.25072091801159585,identical
perturbed_grid,1000,12.0,19,2079242297330451610,True,1,33.698,36,12,40,5.769471032945735,0.157,0.249666936163432,identical
perturbed_grid,1000,12.0,20,679495474633608177,True,1,33.618,36,12,40,5.768195211675855,0.158,0.2528932256171006,identical
perturbed_grid,1000,12.0,21,2526026591576902496,True,1,33.546,36,12,40,5.760545460284124,0.159,0.2523092069367476,identical
perturbed_grid,1000,12.0,22,6767027128779911850,True,1,33.618,36,12,40,5.760214926545738,0.158,0.25056681854639085,identical
perturbed_grid,1000,12.0,23,657029101454917813,True,1,33.682,36,12,41,5.7621936794939606,0.156,0.25115913633529874,identical
perturbed_grid,2000,5.0,0,3165227630516205235,True,1,15.076,15,5,20,2.1328909958082627,0.156,0.3901374074358677,identical
perturbed_grid,2000,5.0,1,35603138045454045,True,1,15.119,16,6,20,2.124579723145263,0.158,0.3895150989267062,identical
perturbed_grid,2000,5.0,2,6059044418042937164,True,1,15.112,16,5,19,2.1032013693415132,0.1545,0.3897221132962489,identical
perturbed_grid,2000,5.0,3,6657589646628363605,True,1,15.15,16,5,19,2.1374049686477257,0.158,0.38857423886020026,identical
perturbed_grid,2000,5.0,4,1867430875887725454,True,1,15.068,15,5,19,2.142516277651118,0.16,0.39033434183341514,identical
perturbed_grid,2000,5.0,5,1973464067782015523,True,1,15.102,15,7,20,2.1124857395968304,0.1545,0.3896981605032561,identical
perturbed_grid,2000,5.0,6,5944911877641755072,True,1,15.056,15,5,20,2.13046098298,0.1555,0.39122035675423117,identical
perturbed_grid,2000,5.0,7,2586115011106790965,True,1,15.151,16,5,20,2.138036248523408,0.1565,0.3903709985241749,identical
perturbed_grid,2000,5.0,8,3693206238921816482,True,1,15.113,16,5,20,2.143415731956817,0.156,0.38762280784062464,identical
perturbed_grid,2000,5.0,9,430104956984649776,True,1,15.099,16,5,19,2.1464386783693596,0.155,0.3897807880616781,identical
perturbed_grid,2000,5.0,10,8870867802603921503,True,1,15.098,15,6,20,2.0852807964396454,0.16,0.3883135692301847,identical
perturbed_grid,2000,5.0,11,1057013812853638227,True,1,15.13,16,5,20,2.1345022839060124,0.1585,0.39145953881439616,identical
perturbed_grid,2000,5.0,12,6069746975093740579,True,1,15.117,16,5,19,2.1583120719673454,0.1555,0.38974341990504113,identical
perturbed_grid,2000,5.0,13,230015703645076967,True,1,15.091,15,5,20,2.112751523487793,0.153,0.38925320770181826,identical
perturbed_grid,2000,5.0,14,2455025468771457313,True,1,15.119,16,5,20,2.1101751112170772,0.158,0.389981014894394,identical
perturbed_grid,2000,5.0,15,1288320470826806508,True,1,15.106,16,5,19,2.132783158223072,0.154,0.38948257316116563,identical
perturbed_grid,2000,5.0,16,2126884715650212549,True,1,15.098,16,5,20,2.1244754646735644,0.1555,0.3909726082766006,identical
perturbed_grid,2000,5.0,17,3448745579956772412,True,1,15.065,15,5,20,2.090161477015574,0.16,0.3913628497047535,identical
perturbed_grid,2000,5.0,18,1532512723555082780,True,1,15.108,16,4,20,2.151356781196463,0.156,0.38884841651124746,identical
perturbed_grid,2000,5.0,19,7693692149531623867,True,1,15.075,15.5,4,19,2.1492731329451744,0.156,0.3931980040260962,identical
perturbed_grid,2000,5.0,20,4517319794118386870,True,1,15.142,16,5,20,2.1665262518603194,0.1575,0.38748255513111945,identical
perturbed_grid,2000,5.0,21,7675318235563723388,True,1,15.109,16,5,20,2.123233147819612,0.1575,0.39163730566836435,identical
perturbed_grid,2000,5.0,22,4528690503342244493,True,1,15.075,16,4,19,2.132691960879483,0.153,0.39044539189079663,identical
perturbed_grid,2000,5.0,23,8182789569836483524,True,1,15.113,16,4,19,2.1321892505122486,0.1565,0.38987897994693793,identical
perturbed_grid,2000,8.0,0,1282406362501316059,True,1,21.106,22,7,25,2.9735103833684695,0.126,0.30811511671041764,identical
perturbed_grid,2000,8.0,1,1756114761440917868,True,1,21.121,22,7,26,2.9766355168209198,0.1265,0.3062399021444484,identical
perturbed_grid,2000,8.0,2,1478976156678950802,True,1,21.149,22,7,26,2.95072855410324,0.126,0.3083398234909488,identical
perturbed_grid,2000,8.0,3,5595298558073467380,True,1,21.16,22,7,25,2.919828762102303,0.126,0.30892929887150783,identical
perturbed_grid,2000,8.0,4,4506091556390827897,True,1,21.155,22,7,25,2.9356387720562536,0.126,0.30854497818578286,identical
perturbed_grid,2000,8.0,5,8930739479121177118,True,1,21.191,22,7,26,2.964206301862243,0.126,0.30657589865719126,identical
perturbed_grid,2000,8.0,6,6607973281156421038,True,1,21.184,22,7,25,2.9470568369137036,0.126,0.3089632425322306,identical
perturbed_grid,2000,8.0,7,2165319767775947307,True,1,21.183,22,7,25,2.926518580156272,0.1265,0.30808893956491734,identical
perturbed_grid,2000,8.0,8,5813823298574657221,True,1,21.171,22,7,26,2.9486876742035695,0.126,0.30846549464141776,identical
perturbed_grid,2000,8.0,9,5282089062628163710,True,1,21.148,22,7,25,2.941614522672903,0.127,0.3100459848390998,identical
perturbed_grid,2000,8.0,10,4192324757887969423,True,1,21.162,22,7,25,2.945124106043763,0.1265,0.3096718175642117,identical
perturbed_grid,2000,8.0,11,3529222157510345534,True,1,21.201,22,7,26,2.9615197112293794,0.1265,0.3072353170847126,identical
perturbed_grid,2000,8.0,12,8110781081549560293,True,1,21.158,22,7,25,2.9544942037512985,0.126,0.3080938691629164,identical
perturbed_grid,2000,8.0,13,3637248402327863898,True,1,21.147,22,8,26,2.96452205254064,0.126,0.3084846085238276,identical
perturbed_grid,2000,8.0,14,5526365031789544089,True,1,21.2,22,7,26,2.938366893361,0.127,0.3063599708995658,identical
perturbed_grid,2000,8.0,15,2172019416109395841,True,1,21.156,22,7,26,2.971811568723724,0.127,0.3076611395132558,identical
perturbed_grid,2000,8.0,16,8813995796763903686,True,1,21.154,22,8,26,2.938755518922931,0.1265,0.3071549834534615,identical
perturbed_grid,2000,8.0,17,2039816931669538060,True,1,21.182,22,7,25,2.9914671985499193,0.127,0.30806035016649014,identical
perturbed_grid,2000,8.0,18,4093757047487137409,True,1,21.142,22,7,26,2.9610531910116027,0.126,0.3077741772318384,identical
perturbed_grid,2000,8.0,19,585520141412818687,True,1,21.11,22,7,26,2.967810640859688,0.126,0.308108270990015,identical
perturbed_grid,2000,8.0,20,4562992901307488824,True,1,21.182,22,7,25,2.962916806121982,0.126,0.30796936053048096,identical
perturbed_grid,2000,8.0,21,8485002365413671178,True,1,21.143,22,7,25,3.0085795651768583,0.127,0.30920546827418627,identical
perturbed_grid,2000,8.0,22,6519258233456549110,True,1,21.164,22,7,25,2.9507802358020565,0.126,0.308206925749307,identical
perturbed_grid,2000,8.0,23,7248949296493171988,True,1,21.146,22,7,25,2.943413664437955,0.126,0.30728419621318026,identical
perturbed_grid,2000,12.0,0,5038083312657437789,True,1,34.618,37,12,40,5.034985203553235,0.15,0.25093536923362203,identical
perturbed_grid,2000,12.0,1,1673813040831125622,True,1,34.594,36,12,40,5.023560888453565,0.1505,0.2509147617205271,identical
perturbed_grid,2000,12.0,2,5593170910031431405,True,1,34.559,36,12,40,5.038602881752048,0.1495,0.2528836292947626,identical
perturbed_grid,2000,12.0,3,8286474639758163191,True,1,34.569,37,12,40,5.0370863601888445,0.148,0.2528816558169675,identical
perturbed_grid,2000,12.0,4,2515257431422213191,True,1,34.595,37,12,40,5.0309020065988355,0.15,0.2524829216010732,identical
perturbed_grid,2000,12.0,5,2584489063872123857,True,1,34.635,37,12,40,5.057744062326601,0.15,0.250716093801368,identical
perturbed_grid,2000,12.0,6,6879092208135912006,True,1,34.575,37,12,40,5.053550731911159,0.1485,0.2515406705879739,identical
perturbed_grid,2000,12.0,7,2061211627217265537,True,1,34.568,36,12,40,5.015812596180185,0.1485,0.25286261840372615,identical
perturbed_grid,2000,12.0,8,673797024970698627,True,1,34.531,36,12,40,5.037265031740925,0.1495,0.25370012561404925,identical
perturbed_grid,2000,12.0,9,5335928052820452337,True,1,34.571,37,12,40,5.022644622108997,0.1495,0.2523974546496559,identical
perturbed_grid,2000,12.0,10,7654996949496803277,True,1,34.568,37,12,40,4.998037214747395,0.1475,0.2510635917892411,identical
perturbed_grid,2000,12.0,11,6801613619205779023,True,1,34.595,36,12,40,5.026626602404456,0.15,0.252170909399804,identical
perturbed_grid,2000,12.0,12,6884506262585772030,True,1,34.59,37,12,40,5.040029761816888,0.1505,0.25133810778505433,identical
perturbed_grid,2000,12.0,13,6176979763100402479,True,1,34.562,36,12,40,5.0436252834643085,0.1505,0.25195578534640795,identical
perturbed_grid,2000,12.0,14,1776476892247288088,True,1,34.617,37,12,40,5.037391289149589,0.1505,0.25309910094962246,identical
perturbed_grid,2000,12.0,15,6634471502943285195,True,1,34.601,37,12,41,5.024221233186289,0.1495,0.25106442350047786,identical
perturbed_grid,2000,12.0,16,1523910852531004155,True,1,34.598,37,12,40,5.035116284655225,0.151,0.25153529068767216,identical
perturbed_grid,2000,12.0,17,2195767303477540730,True,1,34.612,37,12,40,5.01412564661082,0.1515,0.25144745542807273,identical
perturbed_grid,2000,12.0,18,3463125441284766629,True,1,34.578,36.5,12,40,5.039237640754792,0.149,0.2516891966219932,identical
perturbed_grid,2000,12.0,19,4899094572025468488,True,1,34.642,37,12,40,5.046071343134159,0.149,0.2500067557764495,identical
perturbed_grid,2000,12.0,20,6349624594898947307,True,1,34.602,37,12,40,5.0316593684389685,0.1485,0.251721636923951,identical
perturbed_grid,2000,12.0,21,4016319021196200331,True,1,34.587,37,12,41,5.043057703417668,0.1515,0.25141813916928735,identical
perturbed_grid,2000,12.0,22,8193957130196192703,True,1,34.616,37,12,40,4.980315652646881,0.149,0.2513908790628602,identical
perturbed_grid,2000,12.0,23,6307421232009163653,True,1,34.573,37,12,40,5.0230141349592525,0.1495,0.2522550811410486,identical
perturbed_grid,5000,5.0,0,4405804186611313272,True,1,15.3548,16,5,20,1.872676416255641,0.1576,0.389610751632423,identical
perturbed_grid,5000,5.0,1,3955254789182658903,True,1,15.4008,16,5,20,1.8616550056334131,0.1592,0.389495941291759,identical
perturbed_grid,5000,5.0,2,1992648256164884531,True,1,15.3564,16,5,20,1.8680950297027399,0.1562,0.3902783624472542,identical
perturbed_grid,5000,5.0,3,2545225122751047761,True,1,15.3664,16,5,20,1.8447089309698377,0.156,0.38865402210835553,identical
perturbed_grid,5000,5.0,4,428141539186886564,True,1,15.3556,16,5,20,1.886040466161869,0.1578,0.3905768514483984,identical
perturbed_grid,5000,5.0,5,1231301000044239887,True,1,15.3732,16,5,20,1.8978729567597101,0.1564,0.39025049468045947,identical
perturbed_grid,5000,5.0,6,8094881024580996811,True,1,15.3464,16,6,20,1.8636542168546142,0.159,0.3896985223403622,identical
perturbed_grid,5000,5.0,7,5820351766607816052,True,1,15.366,16,5,20,1.8704127886645092,0.1574,0.3899676956299095,identical
perturbed_grid,5000,5.0,8,6161078413855707656,True,1,15.3948,16,5,20,1.8643317730490585,0.156,0.3894432405571517,identical
perturbed_grid,5000,5.0,9,2801726250925506594,True,1,15.3896,16,5,20,1.8409268969733712,0.157,0.39060936005912417,identical
perturbed_grid,5000,5.0,10,3948233786707578452,True,1,15.3556,16,5,20,1.8648186614253093,0.156,0.3888739749128037,identical
perturbed_grid,5000,5.0,11,7794353730771904640,True,1,15.374,16,5,20,1.8715031391905,0.1568,0.3889562764583266,identical
perturbed_grid,5000,5.0,12,1392261822241432052,True,1,15.3488,16,5,20,1.8910152193993512,0.1584,0.3890167078982454,identical
perturbed_grid,5000,5.0,13,3847420049785650466,True,1,15.3964,16,5,20,1.8718084944779838,0.1564,0.3893930054077039,identical
perturbed_grid,5000,5.0,14,2331679727072339443,True,1,15.4016,16,6,20,1.8656680948121662,0.1556,0.3883703697771391,identical
perturbed_grid,5000,5.0,15,1428800099482214073,True,1,15.3664,16,5,20,1.8790824995193465,0.1574,0.389193914153292,identical
perturbed_grid,5000,5.0,16,5840381390879009096,True,1,15.3644,16,5,20,1.8683716546768772,0.1574,0.3895069547847704,identical
perturbed_grid,5000,5.0,17,3999737509348711027,True,1,15.362,16,6,20,1.8679817986264728,0.1582,0.3896571575846579,identical
perturbed_grid,5000,5.0,18,4732908103745132754,True,1,15.3692,16,5,20,1.8469681534882598,0.1574,0.38908901379958855,identical
perturbed_grid,5000,5.0,19,4151940962045978181,True,1,15.3712,16,5,20,1.8640307293604137,0.1584,0.39027447143139404,identical
perturbed_grid,5000,5.0,20,9043264291635411503,True,1,15.3728,16,4,20,1.891935559156224,0.157,0.3884545309787207,identical
perturbed_grid,5000,5.0,21,9016410667720186522,True,1,15.3484,16,5,20,1.888019449052356,0.1568,0.39012324510699437,identical
perturbed_grid,5000,5.0,22,3571120328452917410,True,1,15.3888,16,4,20,1.8678422203173493,0.1576,0.388622889429581,identical
perturbed_grid,5000,5.0,23,7892528458889258137,True,1,15.3528,16,5,20,1.8746552109654555,0.1582,0.38906700947789036,identical
perturbed_grid,5000,8.0,0,7367066712156677273,True,1,21.5596,22,7,26,2.4537416000875094,0.1208,0.30802717645634614,identical
perturbed_grid,5000,8.0,1,7937011941718652238,True,1,21.558,22,7,26,2.4745577382634965,0.121,0.30841020155775223,identical
perturbed_grid,5000,8.0,2,52296926327580375,True,1,21.57,22,7,25,2.4702833845533214,0.1208,0.30762775175645307,identical
perturbed_grid,5000,8.0,3,3865790378601324380,True,1,21.564,22,7,26,2.4537122895726777,0.1212,0.30774549098863957,identical
perturbed_grid,5000,8.0,4,6905058011979160206,True,1,21.5704,22,7,26,2.447334027058792,0.1208,0.3080666423636168,identical
perturbed_grid,5000,8.0,5,5671574253033888645,True,1,21.5592,22,7,26,2.458962252658675,0.1212,0.3094746949502986,identical
perturbed_grid,5000,8.0,6,7976901424811117446,True,1,21.5468,22,8,26,2.4707508494383363,0.121,0.3078133332221745,identical
perturbed_grid,5000,8.0,7,2060198357443964283,True,1,21.5532,22,7,26,2.4823315169412927,0.1218,0.3080668320404257,identical
perturbed_grid,5000,8.0,8,573200296966430212,True,1,21.5536,22,7,26,2.473525225260504,0.1214,0.30765321107796995,identical
perturbed_grid,5000,8.0,9,6068328981490273308,True,1,21.5752,22,8,26,2.48023082796742,0.1216,0.3080069110538451,identical
perturbed_grid,5000,8.0,10,3216193944698884080,True,1,21.5664,22,7,26,2.4811269697458345,0.1222,0.30752283114597895,identical
perturbed_grid,5000,8.0,11,319534674482943877,True,1,21.5568,22,7,26,2.4677872193525365,0.1212,0.3082075188565355,identical
perturbed_grid,5000,8.0,12,8158716609458673903,True,1,21.5704,22,7,26,2.488421957787672,0.1208,0.30797856217862646,identical
perturbed_grid,5000,8.0,13,1722921020107700060,True,1,21.5884,22,7,25,2.485193239971508,0.1208,0.30723913754419496,identical
perturbed_grid,5000,8.0,14,563127184848538388,True,1,21.5736,22,7,26,2.4643423138842055,0.1212,0.3076592360512812,identical
perturbed_grid,5000,8.0,15,6295678059153924588,True,1,21.576,22,7,26,2.4705918319302205,0.1212,0.3076370002885476,identical
perturbed_grid,5000,8.0,16,818463851083268565,True,1,21.5888,22,7,26,2.4755836806700895,0.1214,0.3070824138869756,identical
perturbed_grid,5000,8.0,17,5267505208740119637,True,1,21.568,22,7,25,2.4696914787074515,0.1206,0.3079330976398937,identical
perturbed_grid,5000,8.0,18,7243563398419433509,True,1,21.5664,22,7,26,2.460242069390768,0.1208,0.30837516096883355,identical
perturbed_grid,5000,8.0,19,2174000707058577685,True,1,21.5428,22,7,26,2.458814380956806,0.1208,0.30890668382774705,identical
perturbed_grid,5000,8.0,20,4163235034683712205,True,1,21.5472,22,7,26,2.496992623136846,0.1206,0.30875490555186325,identical
perturbed_grid,5000,8.0,21,1557088072885300215,True,1,21.5712,22,8,26,2.4525355369494357,0.1208,0.30781321058998834,identical
perturbed_grid,5000,8.0,22,236055328546865765,True,1,21.5808,22,7,26,2.493164928359074,0.1208,0.30886189809766884,identical
perturbed_grid,5000,8.0,23,4191139619787149573,True,1,21.5552,22,7,26,2.4597871777859432,0.121,0.3079659719241381,identical
perturbed_grid,5000,12.0,0,6460778740238135277,True,1,35.4892,37,12,40,4.165655213768891,0.1514,0.2520840214744682,identical
perturbed_grid,5000,12.0,1,7008406886729902342,True,1,35.4456,37,12,40,4.147992362577298,0.15,0.25148078314176026,identical
perturbed_grid,5000,12.0,2,4750623769795315361,True,1,35.466,37,12,40,4.143626913707227,0.1502,0.2517008941374244,identical
perturbed_grid,5000,12.0,3,7499491931163266953,True,1,35.4668,37,12,40,4.146673095386179,0.1494,0.25162930285490714,identical
perturbed_grid,5000,12.0,4,8380781532880625509,True,1,35.4792,37,12,40,4.149261061924055,0.1508,0.25155598033744153,identical
perturbed_grid,5000,12.0,5,5851962578828268648,True,1,35.4904,37,12,40,4.156574050826016,0.1522,0.2523670708129994,identical
perturbed_grid,5000,12.0,6,386484598474590117,True,1,35.4876,37,12,40,4.157865587053204,0.1514,0.2514522356447841,identical
perturbed_grid,5000,12.0,7,2624202191638558733,True,1,35.448,37,12,40,4.157462687746069,0.1518,0.25166336352412966,identical
perturbed_grid,5000,12.0,8,2340380600447797021,True,1,35.4692,37,12,41,4.158058604685784,0.152,0.2508072072676384,identical
perturbed_grid,5000,12.0,9,1115786214068119705,True,1,35.4884,37,12,40,4.162290888441092,0.1504,0.25086291039045694,identical
perturbed_grid,5000,12.0,10,2353153193684892223,True,1,35.4704,37,12,40,4.154217596611896,0.1506,0.25075934170330866,identical
perturbed_grid,5000,12.0,11,8018596146699755808,True,1,35.4792,37,12,40,4.152585623439823,0.1508,0.25135561328659817,identical
perturbed_grid,5000,12.0,12,7779167373683912252,True,1,35.4724,37,12,40,4.148064396800054,0.1496,0.2511583357495073,identical
perturbed_grid,5000,12.0,13,2068135921255854279,True,1,35.452,37,12,40,4.167696726010637,0.1508,0.25103901155067165,identical
perturbed_grid,5000,12.0,14,1991830190903086899,True,1,35.476,37,12,40,4.174951975771735,0.1498,0.2512928564701335,identical
perturbed_grid,5000,12.0,15,3502559627977778454,True,1,35.4772,37,12,40,4.135538678334394,0.151,0.25065256528209634,identical
perturbed_grid,5000,12.0,16,4609106435472212515,True,1,35.466,37,12,40,4.162552582250326,0.1496,0.25104494344710643,identical
perturbed_grid,5000,12.0,17,8615042069642535513,True,1,35.4776,37,12,40,4.161045330202531,0.1504,0.2514964859087606,identical
perturbed_grid,5000,12.0,18,5192883136962923705,True,1,35.4624,37,12,40,4.140843662830161,0.1498,0.25227512673348806,identical
perturbed_grid,5000,12.0,19,3589407133510224814,True,1,35.4568,37,12,40,4.168468994726845,0.1504,0.25071147383913234,identical
perturbed_grid,5000,12.0,20,6315596113874020974,True,1,35.4844,37,12,40,4.167368071097179,0.1496,0.2520662263599473,identical
perturbed_grid,5000,12.0,21,4955077095406339674,True,1,35.4648,37,12,40,4.157302125176918,0.1518,0.2513528019717147,identical
perturbed_grid,5000,12.0,22,6261030516217282970,True,1,35.4776,37,12,40,4.1476617798466044,0.1498,0.25088853682353274,identical
perturbed_grid,5000,12.0,23,7741379253275209906,True,1,35.4692,37,12,40,4.165555348330098,0.1496,0.25105811903767056,identical
perturbed_grid,10000,5.0,0,4778507612744240545,True,1,15.5084,16,7,20,1.7154968493121499,0.1549,0.3893201482894269,identical
perturbed_grid,10000,5.0,1,4504392584199437972,True,1,15.4818,16,6,20,1.7181585375046804,0.1543,0.3900816822912694,identical
perturbed_grid,10000,5.0,2,150515204158746322,True,1,15.5056,16,5,20,1.7270114765108326,0.1532,0.3891970122957989,identical
perturbed_grid,10000,5.0,3,5095703936955004881,True,1,15.5084,16,7,20,1.7104763780888395,0.1528,0.38938060940273356,identical
perturbed_grid,10000,5.0,4,4737005437314420170,True,1,15.4998,16,5,20,1.6836864197350483,0.1544,0.3887663650797555,identical
perturbed_grid,10000,5.0,5,8516163449707519179,True,1,15.495,16,5,20,1.7188295436139338,0.1534,0.38951342170417635,identical
perturbed_grid,10000,5.0,6,5461465204545374349,True,1,15.4866,16,5,20,1.6996530351810022,0.1536,0.3886939689124391,identical
perturbed_grid,10000,5.0,7,2449562200642287406,True,1,15.4872,16,6,20,1.696713340549871,0.1522,0.38994986160510725,identical
perturbed_grid,10000,5.0,8,543693665985020319,True,1,15.4906,16,6,20,1.7102373051714215,0.1535,0.38931228575294585,identical
perturbed_grid,10000,5.0,9,7717716078865789047,True,1,15.4706,16,5,20,1.7114717759869311,0.1537,0.3890327264645247,identical
perturbed_grid,10000,5.0,10,5639946483806000890,True,1,15.4962,16,4,20,1.6997016091067236,0.154,0.3901791784800457,identical
perturbed_grid,10000,5.0,11,2523899261427974758,True,1,15.5168,16,5,20,1.68484947695629,0.153,0.38964999535716865,identical
perturbed_grid,10000,5.0,12,7186688076221099784,True,1,15.5082,16,5,20,1.7008035630254983,0.1542,0.38945196116484393,identical
perturbed_grid,10000,5.0,13,1868332196087853621,True,1,15.512,16,6,20,1.7024265035531363,0.1536,0.38972329472277073,identical
perturbed_grid,10000,5.0,14,7124270854021573978,True,1,15.4774,16,5,20,1.718106294732748,0.1531,0.38962310365592095,identical
perturbed_grid,10000,5.0,15,8079630899881392514,True,1,15.5014,16,5,20,1.6774975529043408,0.1526,0.38884194272700645,identical
perturbed_grid,10000,5.0,16,5730398188086685154,True,1,15.4834,16,5,20,1.71269508085943,0.153,0.39039446348097745,identical
perturbed_grid,10000,5.0,17,7512243425130911545,True,1,15.5182,16,5,20,1.7154791633827338,0.1542,0.38972022011428575,identical
perturbed_grid,10000,5.0,18,6653558085256339732,True,1,15.5086,16,5,20,1.7051469262207324,0.1529,0.38944975636180856,identical
perturbed_grid,10000,5.0,19,1262330852062692022,True,1,15.4918,16,6,20,1.7212009644431552,0.1535,0.38961829021856254,identical
perturbed_grid,10000,5.0,20,1950215615563476132,True,1,15.4954,16,5,20,1.7068036911138529,0.153,0.39050390415334024,identical
perturbed_grid,10000,5.0,21,7785630723421970180,True,1,15.516,16,5,20,1.697098700724235,0.1556,0.3892023122292017,identical
perturbed_grid,10000,5.0,22,2183403155229195099,True,1,15.4942,16,5,20,1.6965159474641347,0.1535,0.3895501613994743,identical
perturbed_grid,10000,5.0,23,80709380413057008,True,1,15.496,16,5,20,1.6988184128976207,0.1535,0.3890390100402771,identical
perturbed_grid,10000,8.0,0,7580524636482736016,True,1,21.792,22,7,26,2.15562891055021,0.1228,0.307776141379374,identical
perturbed_grid,10000,8.0,1,6261062211811544657,True,1,21.7996,22,7,26,2.170354772842346,0.1228,0.308687218553114,identical
perturbed_grid,10000,8.0,2,5795125524681751562,True,1,21.8,22,7,25,2.1659178193089668,0.1227,0.30846627114746356,identical
perturbed_grid,10000,8.0,3,4292230556713867260,True,1,21.794,22,7,26,2.1684934862710574,0.1227,0.308182879021956,identical
perturbed_grid,10000,8.0,4,7302610713692697290,True,1,21.7832,22,8,26,2.1817419095759623,0.1227,0.30791414699904895,identical
perturbed_grid,10000,8.0,5,7495471434880967330,True,1,21.7912,22,7,26,2.1647176628835956,0.1226,0.30757242582278216,identical
perturbed_grid,10000,8.0,6,2050800177593783028,True,1,21.8078,22,7,26,2.177535111083165,0.1229,0.3082967404298854,identical
perturbed_grid,10000,8.0,7,6054706444217812338,True,1,21.7736,22,7,26,2.1515443383765143,0.1226,0.30800579037910114,identical
perturbed_grid,10000,8.0,8,162033202976105542,True,1,21.7746,22,8,26,2.155178609767643,0.1228,0.30795269071199716,identical
perturbed_grid,10000,8.0,9,651634965017533043,True,1,21.7682,22,8,26,2.147665886491638,0.1226,0.30795303343170527,identical
perturbed_grid,10000,8.0,10,2315363830288786996,True,1,21.7938,22,7,26,2.1708250873803747,0.1227,0.30745515375005844,identical
perturbed_grid,10000,8.0,11,632900206187719079,True,1,21.7994,22,7,26,2.1579989898051077,0.1228,0.3074745059545503,identical
perturbed_grid,10000,8.0,12,9158580738485113015,True,1,21.7826,22,7,26,2.1586887779389783,0.1226,0.30756364561117155,identical
perturbed_grid,10000,8.0,13,3328773860900621433,True,1,21.7662,22,7,26,2.1546084470270928,0.1227,0.30797534194536924,identical
perturbed_grid,10000,8.0,14,8007135337841769022,True,1,21.7798,22,7,26,2.1551593815771777,0.1229,0.3077309853356084,identical
perturbed_grid,10000,8.0,15,2251939910282774959,True,1,21.7836,22,7,26,2.1502955703810365,0.1226,0.3079722455454609,identical
perturbed_grid,10000,8.0,16,2954786249459055353,True,1,21.7602,22,7,25,2.177589483809976,0.1227,0.3081767467174292,identical
perturbed_grid,10000,8.0,17,438631194534112665,True,1,21.8002,22,8,26,2.161268136997271,0.1225,0.30826094761056033,identical
perturbed_grid,10000,8.0,18,5499640681683269977,True,1,21.7726,22,8,26,2.152228900465737,0.1228,0.30791193661525607,identical
perturbed_grid,10000,8.0,19,8493199551903267200,True,1,21.8052,22,7,26,2.158669256741336,0.1226,0.30704079330382006,identical
perturbed_grid,10000,8.0,20,3123599294934564484,True,1,21.8054,22,7,26,2.1585019898069002,0.1228,0.30739138062528426,identical
perturbed_grid,10000,8.0,21,4568001663131732916,True,1,21.8118,22,7,26,2.164389234865029,0.1232,0.30691229296989586,identical
perturbed_grid,10000,8.0,22,2253917008692584032,True,1,21.7932,22,7,26,2.1761511344574043,0.1227,0.30829047335734344,identical
perturbed_grid,10000,8.0,23,9059494470095860416,True,1,21.8058,22,7,26,2.1674608093341297,0.1229,0.307302363803646,identical
perturbed_grid,10000,12.0,0,4809375449511182672,True,1,35.9096,37,12,41,3.574161137945621,0.141,0.25182127227894413,identical
perturbed_grid,10000,12.0,1,3731963883806877940,True,1,35.9116,37,12,40,3.576169101147107,0.1415,0.25166101090556525,identical
perturbed_grid,10000,12.0,2,5893347388527089908,True,1,35.9248,37,12,41,3.585518785336541,0.1413,0.2509929666642787,identical
perturbed_grid,10000,12.0,3,1300882722335145671,True,1,35.9024,37,12,41,3.579731029002109,0.141,0.251124952452363,identical
perturbed_grid,10000,12.0,4,305582971462758627,True,1,35.9236,37,12,40,3.579184689283134,0.1425,0.2514506778448966,identical
perturbed_grid,10000,12.0,5,4724994839490990394,True,1,35.9194,37,12,40,3.563664355687938,0.1409,0.251475443342676,identical
perturbed_grid,10000,12.0,6,481489673122005558,True,1,35.9204,37,12,40,3.5671366444249353,0.141,0.25141761289469644,identical
perturbed_grid,10000,12.0,7,6835754091434698741,True,1,35.9222,37,12,41,3.574569506947872,0.1416,0.2509807760902145,identical
perturbed_grid,10000,12.0,8,358484472581932894,True,1,35.9348,37,12,40,3.5693625425278097,0.1415,0.2510504404044863,identical
perturbed_grid,10000,12.0,9,969123552069008013,True,1,35.9084,37,12,40,3.554491446044264,0.142,0.2516627136954973,identical
perturbed_grid,10000,12.0,10,3130322695843414561,True,1,35.9126,37,12,40,3.5847121558083526,0.1419,0.25113691629365525,identical
perturbed_grid,10000,12.0,11,4239646268691302120,True,1,35.926,37,12,41,3.587551253989422,0.1417,0.25098280748294033,identical
perturbed_grid,10000,12.0,12,5765899210091485048,True,1,35.9136,37,12,40,3.581303539215761,0.1404,0.2513079728099823,identical
perturbed_grid,10000,12.0,13,1660099317472244734,True,1,35.911,37,12,40,3.5740004196973674,0.1412,0.25172249267866714,identical
perturbed_grid,10000,12.0,14,1678581888113214875,True,1,35.8964,37,12,41,3.5721236036844375,0.141,0.2513261024133603,identical
perturbed_grid,10000,12.0,15,2985047732166999872,True,1,35.9268,37,12,40,3.577798451561911,0.1423,0.2511199875536098,identical
perturbed_grid,10000,12.0,16,7258744964024716083,True,1,35.9026,37,12,40,3.5757395374941607,0.1414,0.25128203029721863,identical
perturbed_grid,10000,12.0,17,4579950530900758450,True,1,35.9146,37,12,40,3.5776677934094225,0.1412,0.251476574148102,identical
perturbed_grid,10000,12.0,18,50972273038803633,True,1,35.9218,37,12,40,3.571342151068637,0.1414,0.2504094747180518,identical
perturbed_grid,10000,12.0,19,4320447060375788111,True,1,35.933,37,12,40,3.588441305079388,0.1411,0.2512432859521135,identical
perturbed_grid,10000,12.0,20,3471925382398151311,True,1,35.9232,37,12,40,3.575793864304703,0.1413,0.25144555961779536,identical
perturbed_grid,10000,12.0,21,100282058715651083,True,1,35.9156,37,12,40,3.5893002995015713,0.1405,0.25179778972376354,identical
perturbed_grid,10000,12.0,22,2097668048723970937,True,1,35.906,37,12,40,3.575383056401051,0.1413,0.2519519939135946,identical
perturbed_grid,10000,12.0,23,2453758391468572191,True,1,35.9168,37,12,40,3.5714251721128627,0.1419,0.25155577537310625,identical
corridor,500,5.0,0,7884677316967755095,True,1,12.864,13,2,25,4.131041515162969,0.182,0.20839939325331333,identical
corridor,500,5.0,1,7172033416641994245,False,2,13.46,13,1,26,4.403226090038986,0.184,0.20145299588869137,identical
corridor,500,5.0,2,5023250827421384761,True,1,12.664,13,2,25,4.171223321760654,0.178,0.2332552066929688,identical
corridor,500,5.0,3,1273292506479417248,True,1,13.208,13,3,27,4.830811112018353,0.172,0.21136121144202308,identical
corridor,500,5.0,4,6022572122259114309,True,1,13.236,13,2,24,4.027940416639752,0.188,0.20619513454777866,identical
corridor,500,5.0,5,8469553723248510321,True,1,13.252,13,4,25,4.3123654761627055,0.194,0.2167371738477408,identical
corridor,500,5.0,6,5771961305751591914,True,1,13.628,12.5,2,32,5.711883752318487,0.182,0.22680805547981356,identical
corridor,500,5.0,7,7801655277098301420,True,1,13.568,14,2,30,4.9720595330305475,0.176,0.2140062196020443,identical
corridor,500,5.0,8,9053505325244682658,True,1,13.324,13,2,27,4.323311693597859,0.188,0.21691439553579683,identical
corridor,500,5.0,9,8431651265192491898,True,1,13.712,13,2,27,4.577450818960262,0.188,0.21316947869185987,identical
corridor,500,5.0,10,4436691712105281690,True,1,13.56,13,3,27,4.990631222601004,0.186,0.22107022299385012,identical
corridor,500,5.0,11,7690752271753844539,True,1,13.396,13,2,26,4.551393632723939,0.182,0.2175253508928952,identical
corridor,500,5.0,12,1307157466788589991,True,1,13.74,14,3,29,4.8883944194387645,0.182,0.21861649435538658,identical
corridor,500,5.0,13,1372452888128256553,True,1,13.38,13,2,26,4.158316967235665,0.184,0.2271527966698329,identical
corridor,500,5.0,14,2136597066817582386,True,1,13.12,13,1,26,4.475444112040723,0.19,0.22853772383770649,identical
corridor,500,5.0,15,3933664178935986200,True,1,13.524,13,1,26,4.759141098979932,0.198,0.21088922541713195,identical
corridor,500,5.0,16,7223206874628459843,True,1,13.604,13,2,27,4.999518376803909,0.184,0.20549091167374026,identical
corridor,500,5.0,17,2516913777230452545,True,1,13.328,13,2,24,4.293764781633947,0.172,0.2105467455355709,identical
corridor,500,5.0,18,1813275473015958779,False,2,14.288,14,0,32,5.609015599906999,0.202,0.2093086887891098,identical
corridor,500,5.0,19,5442561101766365409,True,1,13.204,13,3,25,4.176408026043432,0.194,0.21245687828008664,identical
corridor,500,5.0,20,8455339775565846664,True,1,13.032,13,2,25,4.248173254470683,0.17,0.22092314293713367,identical
corridor,500,5.0,21,7433281766845249593,True,1,13.444,13,4,26,4.826060919632076,0.172,0.2230916984976497,identical
corridor,500,5.0,22,4402207502526313437,True,1,13.868,14,2,26,4.691116711402522,0.188,0.22086705431898473,identical
corridor,500,5.0,23,6377725756875340062,True,1,13.044,13,4,23,3.624646741408053,0.184,0.2179080056968376,identical
corridor,500,8.0,0,8936769758319660438,True,1,21.024,21,4,38,6.028218974124948,0.148,0.16782368298009992,identical
corridor,500,8.0,1,8924473165359683259,True,1,20.9,20,6,41,6.60772275447449,0.156,0.1641770876220078,identical
corridor,500,8.0,2,5849238417040245457,True,1,20.728,21,4,35,5.688410674344813,0.16,0.1818463105713728,identical
corridor,500,8.0,3,812201675742781983,True,1,21.828,23,5,38,6.705998508797926,0.158,0.1622871464296572,identical
corridor,500,8.0,4,4857410674607022642,True,1,21.232,21,5,40,6.93268894441398,0.196,0.1694803715152559,identical
corridor,500,8.0,5,4675086357367164394,True,1,21.9,22,6,38,6.213050780413754,0.16,0.15855913967201946,identical
corridor,500,8.0,6,1485872245137191388,True,1,21.416,22,3,39,6.494531853798234,0.172,0.16288611125969055,identical
corridor,500,8.0,7,951181642025338740,True,1,21.572,22,3,35,5.778305634007257,0.158,0.17595861820316588,identical
corridor,500,8.0,8,5430345880662522157,True,1,20.792,21,5,39,5.878497767287149,0.152,0.1703540834092655,identical
corridor,500,8.0,9,5561692527842406159,True,1,20.772,21,5,38,6.171548914170577,0.16,0.17008080768203104,identical
corridor,500,8.0,10,3852358747226338699,True,1,22.992,23,3,41,7.402697886581623,0.168,0.15993171886196703,identical
corridor,500,8.0,11,176441549334359354,True,1,22.136,22,6,36,6.599204800580143,0.156,0.16335932917109763,identical
corridor,500,8.0,12,9132175086541657006,True,1,20.904,21,6,35,5.645421507735276,0.158,0.15691279258876273,identical
corridor,500,8.0,13,6628417306242659881,True,1,21.568,22,5,36,6.295504427764308,0.166,0.16184763478354058,identical
corridor,500,8.0,14,8516729720785105224,True,1,21.924,22,3,41,7.493879102307427,0.158,0.1697245677798655,identical
corridor,500,8.0,15,731947306561346940,True,1,21.128,21,4,36,6.19932383409674,0.16,0.16417384217318354,identical
corridor,500,8.0,16,2948857883073486007,True,1,20.776,21,6,39,6.038362691988616,0.158,0.17217682702189946,identical
corridor,500,8.0,17,687387679596139481,True,1,21.192,21,4,39,6.428929615418103,0.166,0.1614499573770216,identical
corridor,500,8.0,18,7601485487575010897,True,1,21.94,22,5,40,6.655253563914753,0.154,0.16614354805287507,identical
corridor,500,8.0,19,6505492152701450727,True,1,21.624,22,6,36,6.122958761905875,0.152,0.16779784965546096,identical
corridor,500,8.0,20,7218999528235518210,True,1,20.94,21,5,33,5.432899778203165,0.142,0.17406178907484965,identical
corridor,500,8.0,21,2133623370477287934,True,1,21.616,22,5,40,6.702577414696516,0.158,0.1690775169044543,identical
corridor,500,8.0,22,7505407890882296939,True,1,20.396,21,5,34,5.169834039889483,0.16,0.17149062755512043,identical
corridor,500,8.0,23,7966624763664794614,True,1,21.524,21,5,41,6.878766168434562,0.16,0.1727850051157587,identical
corridor,500,12.0,0,6628233859956010519,True,1,30.676,31,8,54,8.271095695251024,0.16,0.13737859127329394,identical
corridor,500,12.0,1,5062377875726898634,True,1,31.132,31,5,52,8.463484861450398,0.144,0.14023226470704897,identical
corridor,500,12.0,2,3392098136545497560,True,1,31.696,33,8,50,8.484313997018264,0.152,0.13810280460347385,identical
corridor,500,12.0,3,6443540033325960924,True,1,30.328,31,12,48,7.865902109739227,0.148,0.1367121451894449,identical
corridor,500,12.0,4,4864205030618705423,True,1,31.58,33,9,48,8.676381734340653,0.14,0.1382415852494366,identical
corridor,500,12.0,5,1174431784634006230,True,1,31.128,33,8,50,8.490442626859918,0.124,0.14019053073222518,identical
corridor,500,12.0,6,321761977489887345,True,1,30.856,31,9,51,8.496073446010222,0.146,0.13234156130904184,identical
corridor,500,12.0,7,1401980208867677012,True,1,31.292,32,9,48,7.344027233064972,0.138,0.13213489396760447,identical
corridor,500,12.0,8,190668991566561630,True,1,31.016,31,9,49,7.655046962625379,0.14,0.13833113708136682,identical
corridor,500,12.0,9,7377283865495308172,True,1,30.744,32,13,47,7.818085699197718,0.136,0.13965997843576272,identical
corridor,500,12.0,10,8734867471815834294,True,1,31.32,32,7,52,8.396046688769667,0.154,0.13306084961833575,identical
corridor,500,12.0,11,5895358928247672197,True,1,31.3,31.5,6,49,7.919469679214645,0.146,0.13486933463049983,identical
corridor,500,12.0,12,1963886894059588437,True,1,31.532,32,10,54,9.417694834724685,0.142,0.13320940043283086,identical
corridor,500,12.0,13,9045056655631692910,True,1,31.188,32,12,49,7.777702488524483,0.13,0.1364273269482127,identical
corridor,500,12.0,14,5257564038387733143,True,1,30.952,31,10,48,7.9763209564309765,0.138,0.13922144533776576,identical
corridor,500,12.0,15,7560664580992542650,True,1,31.016,31,10,48,7.917053997542266,0.15,0.12500459364489144,identical
corridor,500,12.0,16,6462215803769928331,True,1,31.868,32,8,52,8.693363905876717,0.138,0.13756302954224398,identical
corridor,500,12.0,17,4662191266970346675,True,1,29.692,30,11,51,7.371101410237145,0.138,0.1326833063212572,identical
corridor,500,12.0,18,4907578861062924295,True,1,31.108,32,9,54,8.38142804061456,0.144,0.13916722569676138,identical
corridor,500,12.0,19,4435899918077864469,True,1,32.228,34,6,51,8.957009322312889,0.154,0.13186829302650338,identical
corridor,500,12.0,20,8135050618382080195,True,1,31.9,32,10,54,8.676289529516632,0.146,0.13669639376666368,identical
corridor,500,12.0,21,1622674645349372663,True,1,31.564,31,6,52,8.440728878479634,0.146,0.14997192873100484,identical
corridor,500,12.0,22,6629287842166267482,True,1,30.684,31,8,47,7.882902003703964,0.136,0.14270463116381465,identical
corridor,500,12.0,23,861762519744665202,True,1,31.036,32,9,49,8.743380581903105,0.146,0.13382511690060317,identical
corridor,1000,5.0,0,8049856002761373412,True,1,12.998,13,3,25,4.1880778407283685,0.174,0.20362744598144275,identical
corridor,1000,5.0,1,4674703434644040844,True,1,13.552,14,2,30,4.7249651850569245,0.193,0.21022976413408137,identical
corridor,1000,5.0,2,8899159730538946525,True,1,12.966,13,1,25,4.1171402696531905,0.176,0.21279081830962862,identical
corridor,1000,5.0,3,8035526254698465563,True,1,13.196,13,2,28,4.370307083032034,0.176,0.2034166131852837,identical
corridor,1000,5.0,4,6186748757085106458,True,1,13.438,13,2,29,4.359605027981325,0.174,0.20585017792761906,identical
corridor,1000,5.0,5,2673997270885924808,True,1,13.444,13,1,26,4.654982706734792,0.184,0.2081620515881179,identical
corridor,1000,5.0,6,7571932503487860131,False,2,13.682,13,2,27,4.78276865424202,0.183,0.21534194220203795,identical
corridor,1000,5.0,7,4232955172216411493,True,1,13.338,13,2,28,4.218264572072267,0.185,0.2082663695372907,identical
corridor,1000,5.0,8,8682712345991660190,True,1,13.164,13,2,26,4.327482408976381,0.184,0.2085851301197622,identical
corridor,1000,5.0,9,257771173949658748,True,1,13.324,13,2,26,4.386459164291855,0.181,0.20532321007723403,identical
corridor,1000,5.0,10,3539723366181004170,True,1,13.63,13,2,28,4.784673447582402,0.19,0.20887160231015556,identical
corridor,1000,5.0,11,2301964875746850158,True,1,13.212,13,3,24,4.151271612409857,0.18,0.2265877226742678,identical
corridor,1000,5.0,12,6096295812992928473,True,1,13.516,13,2,28,4.253909260903428,0.186,0.21990559214182823,identical
corridor,1000,5.0,13,4377392701440646608,True,1,13.224,13,2,27,4.484397841405242,0.181,0.2134505385464353,identical
corridor,1000,5.0,14,877300614472393829,True,1,13.382,13,2,23,4.032874409152854,0.181,0.21580211454224635,identical
corridor,1000,5.0,15,6930435706867860184,True,1,13.28,13,3,27,4.324997109825623,0.182,0.21649661498604889,identical
corridor,1000,5.0,16,562278352238966782,True,1,13.49,13,2,25,4.3171634205806955,0.184,0.2222730092943047,identical
corridor,1000,5.0,17,282330938028184988,True,1,12.81,13,2,25,3.9117643078283715,0.182,0.22091429756883824,identical
corridor,1000,5.0,18,1535818315787622682,True,1,13.08,13,2,31,4.6376287044134905,0.188,0.209659085741024,identical
corridor,1000,5.0,19,17336994078021983,True,1,12.81,13,2,25,3.8636640640718194,0.184,0.2227034510478038,identical
corridor,1000,5.0,20,6998208256287033041,True,1,13.258,13,2,27,4.496380321992346,0.18,0.2110464807655353,identical
corridor,1000,5.0,21,6242498740802077667,True,1,13.516,13,2,26,4.463378092879866,0.174,0.2232476830325354,identical
corridor,1000,5.0,22,2547755666535151382,False,2,13.544,13,0,27,4.452197659583409,0.181,0.21269976245610073,identical
corridor,1000,5.0,23,7942462830051293336,True,1,13.566,13,2,30,4.74969935890684,0.195,0.22143781167038962,identical
corridor,1000,8.0,0,6001403087533427959,True,1,21.342,22,4,35,6.1986317845150305,0.163,0.16660606027987102,identical
corridor,1000,8.0,1,4772515561639796832,True,1,21.218,21,6,38,6.098235482498197,0.162,0.17650208467611544,identical
corridor,1000,8.0,2,7399046682782346073,True,1,21.536,22,5,41,6.384724269692484,0.161,0.1686099013203282,identical
corridor,1000,8.0,3,1404847323227672430,True,1,21.92,22,4,40,6.526224023123942,0.168,0.170213417847841,identical
corridor,1000,8.0,4,7682811037479407041,True,1,21.176,21,5,42,5.9638095207677395,0.164,0.16895718542166382,identical
corridor,1000,8.0,5,1929021136235848768,True,1,22.162,23,4,40,6.558182370138845,0.165,0.16743095625850848,identical
corridor,1000,8.0,6,2513153651207808918,True,1,21.59,22,6,36,5.909983079502006,0.157,0.17218050243060787,identical
corridor,1000,8.0,7,7285698547203931039,True,1,21.488,22,5,38,5.9071021660370935,0.154,0.17849245187272123,identical
corridor,1000,8.0,8,5228476148011170608,True,1,21.286,21,5,38,6.446099906144767,0.162,0.17062362100118503,identical
corridor,1000,8.0,9,8899336920387525529,True,1,21.318,21,4,38,6.2556275464576645,0.161,0.16796219854693914,identical
corridor,1000,8.0,10,8133977445158961029,True,1,21.824,22,1,39,6.923801268089651,0.164,0.1660745635468524,identical
corridor,1000,8.0,11,8897495595222660397,True,1,21.116,21,7,44,6.413777669985152,0.154,0.17549427124729053,identical
corridor,1000,8.0,12,5897377134483976299,True,1,21.124,22,5,35,5.750532497082343,0.166,0.17156131169266098,identical
corridor,1000,8.0,13,554035761326091320,True,1,21.13,22,3,36,5.75526715279143,0.162,0.16927790741122473,identical
corridor,1000,8.0,14,4665340739389457866,True,1,21.564,22,5,37,6.304435264161255,0.17,0.1645599929160293,identical
corridor,1000,8.0,15,365655245944161656,True,1,21.158,21,6,40,6.392733061844514,0.161,0.16627419809620742,identical
corridor,1000,8.0,16,1515220809661246215,True,1,21.098,21,5,36,5.924389926397457,0.156,0.1621758578537379,identical
corridor,1000,8.0,17,520190206086721850,True,1,21.376,21,6,38,6.332821172273855,0.16,0.17034058493444731,identical
corridor,1000,8.0,18,586328010538616100,True,1,21.208,21,4,38,5.893278883609705,0.163,0.1712977518589484,identical
corridor,1000,8.0,19,4818906295180358800,True,1,21.452,21,6,40,6.357491329132911,0.174,0.1632204406056423,identical
corridor,1000,8.0,20,7100459194938398842,True,1,21.29,21,4,35,6.295228351696229,0.158,0.1692592980183071,identical
corridor,1000,8.0,21,6901144829556604981,True,1,20.978,21,6,37,5.723767640287294,0.161,0.1674498778736563,identical
corridor,1000,8.0,22,6248835262162520267,True,1,21.418,21,5,41,6.124481692355691,0.153,0.16683594951142766,identical
corridor,1000,8.0,23,7282341893419334221,True,1,21.734,22,4,38,6.442611582270035,0.163,0.1673543861920194,identical
corridor,1000,12.0,0,8326416904446730993,True,1,31.186,32,11,52,8.165378374576399,0.15,0.13450795878260596,identical
corridor,1000,12.0,1,8903306140939115119,True,1,31.59,32,8,50,8.031681019562477,0.143,0.13538601006369408,identical
corridor,1000,12.0,2,9066128977591070110,True,1,31.958,33,10,52,8.420940327540627,0.14,0.13950703674503379,identical
corridor,1000,12.0,3,748580736736141607,True,1,32.492,33,8,61,8.828586296797464,0.148,0.1396713899685173,identical
corridor,1000,12.0,4,1954245426332289018,True,1,31.154,31,11,51,7.788984786222154,0.154,0.1317920515890566,identical
corridor,1000,12.0,5,3753714722990486856,True,1,32.152,32,6,54,8.23583001281596,0.15,0.1353385122714988,identical
corridor,1000,12.0,6,696553160191221916,True,1,32.086,32,9,52,8.326259904663083,0.151,0.13976832598287645,identical
corridor,1000,12.0,7,2446461867008748850,True,1,32.092,32,6,55,9.339354153259208,0.144,0.13658489545157612,identical
corridor,1000,12.0,8,8818509517887204137,True,1,31.538,32,7,56,8.398842539302661,0.142,0.13673598440836923,identical
corridor,1000,12.0,9,7283276381890975447,True,1,31.49,33,9,48,7.707652041964537,0.138,0.13930925255404786,identical
corridor,1000,12.0,10,3496892103679729220,True,1,31.372,32,7,50,8.127337571431369,0.148,0.13771658095113376,identical
corridor,1000,12.0,11,854569197596809429,True,1,32.296,33,8,52,8.708982948657095,0.148,0.13185707432910218,identical
corridor,1000,12.0,12,3016589494667153500,True,1,31.746,32,12,52,8.34215104154798,0.148,0.134481904582668,identical
corridor,1000,12.0,13,4068100638466232741,True,1,32.022,33,11,50,7.558406975017944,0.137,0.13526763732581606,identical
corridor,1000,12.0,14,5235115714597926998,True,1,30.672,30,11,52,7.778329897863676,0.154,0.14079674549267213,identical
corridor,1000,12.0,15,1717300240632199332,True,1,31.826,32,6,55,8.87906098638815,0.149,0.14153581520288838,identical
corridor,1000,12.0,16,3049786971442551827,True,1,31.22,32,10,50,7.649418278535957,0.143,0.13705078420930725,identical
corridor,1000,12.0,17,6748248635846120782,True,1,32.444,33,10,54,8.62315858604027,0.144,0.13309696054750192,identical
corridor,1000,12.0,18,8435525992498434737,True,1,31.388,32,9,51,7.386708062459212,0.136,0.14509104911457918,identical
corridor,1000,12.0,19,4244894156151848618,True,1,31.524,32,9,52,8.236226320348417,0.148,0.13403087521304022,identical
corridor,1000,12.0,20,5139267574846647925,True,1,31.638,32,10,51,8.441857378563084,0.158,0.1317273720827958,identical
corridor,1000,12.0,21,4545174078072571345,True,1,31.34,31,8,53,8.019875310751408,0.139,0.14406856842128504,identical
corridor,1000,12.0,22,7419383978299829525,True,1,32.388,33,7,55,8.817678606073141,0.15,0.1383808545594285,identical
corridor,1000,12.0,23,3365018517163995983,True,1,31.814,32,12,50,7.66781611673102,0.147,0.13946381593987645,identical
corridor,2000,5.0,0,3695582394855878270,True,1,13.477,13,1,34,4.77005985287397,0.19,0.2131358218163385,identical
corridor,2000,5.0,1,3732303312723145334,True,1,13.462,13,3,29,4.591247760685534,0.19,0.21522116078041953,identical
corridor,2000,5.0,2,1418905010111122604,True,1,13.537,13,2,28,4.3675657980161064,0.189,0.22043179876912283,identical
corridor,2000,5.0,3,8209698047275941958,True,1,13.396,13,2,26,4.437249598568914,0.183,0.21269454308085706,identical
corridor,2000,5.0,4,7335246644001534849,True,1,13.33,13,1,32,4.189522645839229,0.1815,0.20815232269842304,identical
corridor,2000,5.0,5,3332483130544454666,True,1,13.743,14,3,30,4.9130388762964134,0.185,0.21024803647595033,identical
corridor,2000,5.0,6,986471113522967267,True,1,13.648,13,2,33,4.924844769127248,0.1845,0.20977673857873436,identical
corridor,2000,5.0,7,9044783445343456341,True,1,13.277,13,2,25,4.022719353869994,0.182,0.21289822539986586,identical
corridor,2000,5.0,8,3283777851663832700,True,1,13.266,13,2,27,4.2043125478489385,0.176,0.20973494180893876,identical
corridor,2000,5.0,9,1020176435041825361,True,1,13.323,13,1,31,4.48192715246467,0.184,0.21721914105535758,identical
corridor,2000,5.0,10,692575749625592943,True,1,13.435,13,2,28,4.14617594899203,0.1835,0.215251285897168,identical
corridor,2000,5.0,11,6351116167416648312,True,1,13.578,13,2,29,4.56551377174573,0.187,0.22231007033164885,identical
corridor,2000,5.0,12,10042865457411996,False,2,13.327,13,0,26,4.421320051749231,0.1795,0.22202448058513782,identical
corridor,2000,5.0,13,2175253652471397255,True,1,13.379,13,2,25,4.179516598842499,0.1865,0.21293501013049243,identical
corridor,2000,5.0,14,6587785820512699326,True,1,13.703,13,2,30,4.759704927829031,0.1785,0.20855545374644296,identical
corridor,2000,5.0,15,8748100540882306659,True,1,13.259,13,1,28,4.431017828896674,0.19,0.21215381525955695,identical
corridor,2000,5.0,16,5669513105100326966,True,1,13.318,13,2,31,4.3733140751608515,0.187,0.2148880347222053,identical
corridor,2000,5.0,17,7222006656870279432,True,1,13.902,14,2,29,4.7743477041371705,0.1875,0.21857203373659523,identical
corridor,2000,5.0,18,7092233795307676847,False,2,13.447,13,0,30,4.487782414511632,0.185,0.21295869925677882,identical
corridor,2000,5.0,19,7714288029478015457,True,1,13.765,14,1,28,4.555631130809429,0.1815,0.21367084680822077,identical
corridor,2000,5.0,20,1492475740987277014,True,1,13.113,13,2,25,3.9536351627331348,0.182,0.20535364825600563,identical
corridor,2000,5.0,21,3290131178250048256,False,2,13.706,14,0,31,4.681619805152915,0.19,0.2116681471062599,identical
corridor,2000,5.0,22,1047810678955066362,True,1,13.605,13,1,28,4.368406460026348,0.179,0.21718526837022653,identical
corridor,2000,5.0,23,8886008927056530659,True,1,13.581,13,2,34,4.609060533340822,0.185,0.2089909603182507,identical
corridor,2000,8.0,0,1242336048628987956,True,1,21.558,21,5,46,6.710188969023162,0.166,0.16734835743547008,identical
corridor,2000,8.0,1,1323613386845775390,True,1,21.624,21,4,43,6.289326196024505,0.1685,0.17260980442060678,identical
corridor,2000,8.0,2,727717862088546128,True,1,21.645,21,3,40,6.363959066493122,0.16,0.1687769402757744,identical
corridor,2000,8.0,3,7972996035461891568,True,1,21.59,21,3,41,6.4331873903998735,0.162,0.16701542759935134,identical
corridor,2000,8.0,4,7034495967161831140,True,1,21.323,22,4,39,5.9144459588367155,0.1595,0.1735698425129806,identical
corridor,2000,8.0,5,1208917510847607658,True,1,21.353,21,2,37,5.91416866516334,0.167,0.16690269194363574,identical
corridor,2000,8.0,6,2740697693730558398,True,1,21.726,22,4,42,6.285294265187572,0.165,0.16075464230805264,identical
corridor,2000,8.0,7,2317203923461353781,True,1,21.588,22,5,45,6.446724439589461,0.171,0.16913731064600723,identical
corridor,2000,8.0,8,7068900611201083583,True,1,21.414,21,1,40,6.135927313780692,0.168,0.1677250080675448,identical
corridor,2000,8.0,9,12766641143997389,True,1,21.537,21,6,47,6.841902586269402,0.176,0.16767852194622157,identical
corridor,2000,8.0,10,5479546591183420700,True,1,21.81,22,5,42,6.439091550832309,0.1705,0.1690558441421291,identical
corridor,2000,8.0,11,5241248067531738611,True,1,21.518,22,5,38,6.15497164900042,0.1685,0.1694403762999072,identical
corridor,2000,8.0,12,951794707907603748,True,1,21.529,22,6,39,5.9349101930863295,0.165,0.17517984230034028,identical
corridor,2000,8.0,13,8394078715367271001,True,1,21.688,22,4,41,6.145458160300167,0.1625,0.1707949974906285,identical
corridor,2000,8.0,14,1110783220395845121,True,1,21.187,21,3,38,5.940457137291704,0.161,0.16362908416501173,identical
corridor,2000,8.0,15,1899082327024082977,True,1,21.275,21,3,44,6.248789882849347,0.167,0.1702408722353035,identical
corridor,2000,8.0,16,8885283718517623641,True,1,21.777,22,4,46,6.472501139435989,0.1735,0.16469139440973157,identical
corridor,2000,8.0,17,27598575461079502,True,1,21.183,21,6,39,5.681594054488601,0.1665,0.1691423437206576,identical
corridor,2000,8.0,18,1636764889726639787,True,1,21.481,21,5,41,6.395204375154851,0.1655,0.1698768509761104,identical
corridor,2000,8.0,19,6938875337567094095,True,1,21.165,21,4,38,5.973673492918746,0.167,0.16646894426858394,identical
corridor,2000,8.0,20,7361571436381582375,True,1,21.658,22,5,40,6.0486391858003925,0.165,0.16645220183906695,identical
corridor,2000,8.0,21,3797266279172886810,True,1,21.065,21,4,38,5.860697484088405,0.1625,0.1667046048560432,identical
corridor,2000,8.0,22,4267038378427711198,True,1,21.504,22,4,41,5.982640219836046,0.17,0.1681902952239751,identical
corridor,2000,8.0,23,1590717784565206642,True,1,21.38,21,4,39,6.193189808168322,0.1675,0.16154561934651507,identical
corridor,2000,12.0,0,762589314594724481,True,1,31.664,31,11,58,8.189267610720757,0.143,0.1389299338720263,identical
corridor,2000,12.0,1,1275337206234430484,True,1,32.023,32,7,57,8.680580107343047,0.154,0.13557797440094949,identical
corridor,2000,12.0,2,6266358866814120535,True,1,31.555,32,8,52,7.728581693946194,0.146,0.13493111640963001,identical
corridor,2000,12.0,3,2308766439037929137,True,1,32.22,32,9,53,8.660692812933618,0.1415,0.13286468306198315,identical
corridor,2000,12.0,4,8561006193956473556,True,1,31.384,32,5,55,7.89902171157924,0.14,0.1375746029147191,identical
corridor,2000,12.0,5,2842447213941069642,True,1,31.723,32,7,57,8.178341580051535,0.147,0.14139773278515036,identical
corridor,2000,12.0,6,7302822742317171823,True,1,32.246,32,9,55,8.174624395041018,0.135,0.1389889168716636,identical
corridor,2000,12.0,7,409031362486668412,True,1,32.085,33,10,52,8.134050344078274,0.1465,0.13879126935011876,identical
corridor,2000,12.0,8,7412959699900920679,True,1,31.771,32,8,58,8.350302928636783,0.1435,0.1395938551297879,identical
corridor,2000,12.0,9,6537570691301826844,True,1,31.736,32,8,53,8.258952960272868,0.1395,0.13751059475332042,identical
corridor,2000,12.0,10,2883647353886066219,True,1,32.246,33,7,55,8.145642025033997,0.147,0.13621528682216136,identical
corridor,2000,12.0,11,5374543993645175816,True,1,31.993,32,10,58,8.153523839420597,0.1535,0.13387050329594785,identical
corridor,2000,12.0,12,3717046715657956562,True,1,31.504,32,9,53,7.996123060583785,0.146,0.13991833994739536,identical
corridor,2000,12.0,13,6990073511025749845,True,1,32.188,33,8,54,8.300581666365309,0.1485,0.13712579860885443,identical
corridor,2000,12.0,14,3594043973715459663,True,1,32.376,33,9,59,8.646306957308436,0.149,0.13682978467410048,identical
corridor,2000,12.0,15,7759192580041342244,True,1,32.275,33,6,54,7.954959145086826,0.142,0.13906706008642078,identical
corridor,2000,12.0,16,5450894142586810643,True,1,32.355,33,7,53,8.792609112203271,0.145,0.13300325843840616,identical
corridor,2000,12.0,17,6937026112706817417,True,1,32.278,32,6,59,8.437577614457831,0.153,0.13865074903710667,identical
corridor,2000,12.0,18,6491684901569448239,True,1,32.043,32,8,59,7.910066434613557,0.152,0.13772007249082505,identical
corridor,2000,12.0,19,6832276501925300249,True,1,31.545,32,9,56,7.4951300855956005,0.1495,0.13395054516672947,identical
corridor,2000,12.0,20,4225711963590290874,True,1,32.369,32,6,60,8.877377934953557,0.148,0.13427886510802423,identical
corridor,2000,12.0,21,1800321919868711374,True,1,31.994,32,9,54,8.39809287874335,0.1505,0.14254076627947665,identical
corridor,2000,12.0,22,5061731783145880002,True,1,32.093,33,10,57,8.41595811539006,0.146,0.14029542875485168,identical
corridor,2000,12.0,23,8518289103446758180,True,1,32.124,33,8,54,8.040436804054865,0.146,0.13489992751699037,identical
corridor,5000,5.0,0,2780920245537819908,True,1,13.6544,13,2,31,4.683520112052453,0.183,0.21124697010555507,identical
corridor,5000,5.0,1,7743283651354099983,True,1,13.4004,13,2,29,4.2691076163526,0.1802,0.2169554435169416,identical
corridor,5000,5.0,2,5006910223478175400,True,1,13.632,13,1,31,4.767365729624672,0.1854,0.21601900266997692,identical
corridor,5000,5.0,3,8263618806636255206,True,1,13.4404,13,1,29,4.349626172442853,0.1806,0.2185212494316764,identical
corridor,5000,5.0,4,8215286078200194998,False,2,13.5272,13,1,31,4.575506546820815,0.1828,0.21399142527551362,identical
corridor,5000,5.0,5,9104714436330144484,True,1,13.5108,13,2,33,4.652556647693944,0.1852,0.21308969193235766,identical
corridor,5000,5.0,6,436135233602824956,True,1,13.3612,13,1,29,4.386380576283826,0.1844,0.2125454859864953,identical
corridor,5000,5.0,7,8643736103031550616,False,2,13.4468,13,0,29,4.510118597110269,0.1834,0.2125143894326817,identical
corridor,5000,5.0,8,2934796393268196594,True,1,13.5488,13,1,32,4.707187967353777,0.1874,0.21405228449086314,identical
corridor,5000,5.0,9,7634385732085074860,False,2,13.504,13,1,33,4.499064791709478,0.185,0.21350600949850468,identical
corridor,5000,5.0,10,4869353397284374532,True,1,13.3508,13,1,29,4.355793769222867,0.184,0.2115048232412559,identical
corridor,5000,5.0,11,6360614073476238503,True,1,13.3788,13,2,31,4.39022898719418,0.1798,0.2167937686608051,identical
corridor,5000,5.0,12,7736977358401881222,False,2,13.5996,13,2,31,4.5358659415815765,0.1872,0.21903229777716524,identical
corridor,5000,5.0,13,943634933562583723,True,1,13.4036,13,1,30,4.430249094576964,0.1822,0.20993195093155656,identical
corridor,5000,5.0,14,7733221087818219892,False,2,13.4328,13,0,31,4.4222487673128485,0.1822,0.21409245900336837,identical
corridor,5000,5.0,15,4714896149100142057,False,2,13.454,13,0,29,4.431555483123252,0.1796,0.21134446674860258,identical
corridor,5000,5.0,16,8142510805257582152,False,2,13.332,13,0,29,4.333748492933092,0.1786,0.21669981916883874,identical
corridor,5000,5.0,17,7060921727329827035,True,1,13.3668,13,2,32,4.391020127487455,0.1852,0.21735512338789115,identical
corridor,5000,5.0,18,2229351588680830298,True,1,13.3604,13,1,31,4.3716028913889176,0.182,0.2103865443950542,identical
corridor,5000,5.0,19,252759752066239541,True,1,13.3464,13,2,30,4.356742709869396,0.1822,0.21315021703498438,identical
corridor,5000,5.0,20,2022966666793334850,True,1,13.5412,14,2,29,4.369428173113694,0.179,0.21650439565383126,identical
corridor,5000,5.0,21,2128083057963683688,True,1,13.3712,13,2,28,4.302488879706742,0.1828,0.21897265818038547,identical
corridor,5000,5.0,22,6640380596065506377,True,1,13.3452,13,1,28,4.264415195545567,0.1852,0.2075075930731067,identical
corridor,5000,5.0,23,1915622365942584581,True,1,13.2436,13,1,28,4.226755143132853,0.181,0.2112847120992572,identical
corridor,5000,8.0,0,79930385137496638,True,1,21.406,21,3,39,6.172808437008243,0.1722,0.16913272509737037,identical
corridor,5000,8.0,1,1864787082271895701,True,1,21.4392,22,4,42,5.9634808090577485,0.1638,0.16857920540448645,identical
corridor,5000,8.0,2,92691464468422554,False,2,21.6848,22,1,39,6.188234720823013,0.1638,0.16715558234669842,identical
corridor,5000,8.0,3,2883801475998067637,True,1,21.724,22,3,41,6.471833125166327,0.169,0.1658959244528552,identical
corridor,5000,8.0,4,1187692843728647325,True,1,21.6868,22,3,43,6.489430310897903,0.1652,0.17041456711416456,identical
corridor,5000,8.0,5,377143119173801564,True,1,21.4692,21,5,43,6.142560651715234,0.1656,0.1662638218902539,identical
corridor,5000,8.0,6,1837239934317128228,True,1,21.4308,21,3,41,6.041424613450031,0.1678,0.16852145246130024,identical
corridor,5000,8.0,7,2331868242706435772,True,1,21.4488,22,5,41,5.872970165086841,0.1654,0.16909667860120192,identical
corridor,5000,8.0,8,736619769068273128,True,1,21.8076,22,3,41,6.302521895241844,0.166,0.1668167143653474,identical
corridor,5000,8.0,9,2531316418788561285,True,1,22.0032,22,3,44,6.754464431766588,0.1736,0.1599486424158466,identical
corridor,5000,8.0,10,2381800197101671658,True,1,21.6572,22,4,41,6.212285260675001,0.1606,0.1661891309301593,identical
corridor,5000,8.0,11,5214953224465753090,True,1,21.6632,22,2,39,6.196496248687631,0.1644,0.16762593047202115,identical
corridor,5000,8.0,12,2661701127117292658,True,1,21.5892,21,4,48,6.307617883163193,0.1648,0.1714715234455647,identical
corridor,5000,8.0,13,861641178550163262,True,1,21.482,22,3,44,6.036230280564189,0.1628,0.1680137555821572,identical
corridor,5000,8.0,14,1866517038879874738,True,1,21.518,22,4,44,6.159161955980704,0.1654,0.16904194381102627,identical
corridor,5000,8.0,15,1323038218646818839,True,1,21.5988,22,3,41,6.123319243678219,0.1634,0.16496996090682248,identical
corridor,5000,8.0,16,8059987933527133254,True,1,21.5092,21,4,42,6.191600387621822,0.1684,0.16880012285300416,identical
corridor,5000,8.0,17,1691467595883257005,True,1,21.4912,21,5,43,6.354803109459821,0.164,0.1702572564562573,identical
corridor,5000,8.0,18,4881346239948303333,True,1,21.4172,21,4,42,6.110412765108446,0.163,0.16876515460001681,identical
corridor,5000,8.0,19,8777994986692042924,True,1,21.5796,22,5,42,6.013490154643997,0.165,0.16686074651250007,identical
corridor,5000,8.0,20,5729539743255492392,True,1,21.4864,22,4,40,6.005182348605225,0.1626,0.17311149339997756,identical
corridor,5000,8.0,21,8950098937500577155,True,1,21.8392,22,3,43,6.436842654593939,0.1664,0.16937278697720246,identical
corridor,5000,8.0,22,2481541251337519418,True,1,21.5104,22,2,42,6.033132837920909,0.164,0.16910153371627312,identical
corridor,5000,8.0,23,3647826922627783679,True,1,21.606,22,2,40,6.112345212763907,0.166,0.16524995283877877,identical
corridor,5000,12.0,0,8198984861511692799,True,1,32.1576,32,6,57,8.239852076342101,0.1502,0.137964558969988,identical
corridor,5000,12.0,1,7152387169537921892,True,1,32.4296,33,7,57,8.447144123311743,0.1524,0.139209512468338,identical
corridor,5000,12.0,2,7367208077187344101,True,1,31.716,32,6,56,7.576842614176527,0.1458,0.1375358105297921,identical
corridor,5000,12.0,3,4754601287530374613,True,1,32.0324,32,10,54,8.119048604362389,0.15,0.13789646069947517,identical
corridor,5000,12.0,4,2464800726420428645,True,1,32.174,32,9,59,8.246170262612814,0.1534,0.13529856859116524,identical
corridor,5000,12.0,5,1810811184020080013,True,1,32.2652,33,8,59,8.306170535210567,0.1484,0.13445533228008894,identical
corridor,5000,12.0,6,5620131146051809631,True,1,32.3684,33,5,60,8.350465941490901,0.1484,0.13752456045825545,identical
corridor,5000,12.0,7,2818179023721808181,True,1,32.3448,33,9,60,8.146454011408844,0.15,0.1362246342773749,identical
corridor,5000,12.0,8,4763033691268325094,True,1,32.4628,33,9,59,8.338022317072562,0.149,0.13858811834680132,identical
corridor,5000,12.0,9,7123016855474275430,True,1,32.3984,33,6,60,8.210729409741829,0.1514,0.13599623039316616,identical
corridor,5000,12.0,10,7010449359841956445,True,1,32.0484,32,6,60,8.118796551213618,0.1528,0.13479731476846837,identical
corridor,5000,12.0,11,6601605497581506680,True,1,32.4004,33,7,58,8.093829738757787,0.148,0.1388208324438523,identical
corridor,5000,12.0,12,7521007517717094463,True,1,32.298,33,8,56,8.246235262227207,0.1496,0.13697716454515846,identical
corridor,5000,12.0,13,5413054038315132342,True,1,32.1764,33,4,54,8.0201049269944,0.154,0.13598640564991551,identical
corridor,5000,12.0,14,8321826782890261064,True,1,31.9316,32,7,59,8.189341941816846,0.1566,0.14020236894888827,identical
corridor,5000,12.0,15,4381258193967132784,True,1,32.428,33,9,57,8.388636122755587,0.1502,0.13766885630116113,identical
corridor,5000,12.0,16,5263073149945281819,True,1,32.376,33,5,58,8.217799218768993,0.1548,0.13505031951182297,identical
corridor,5000,12.0,17,8597969488481132091,True,1,32.3764,33,8,59,8.411677777946556,0.1556,0.13691940268132352,identical
corridor,5000,12.0,18,9124544086871903850,True,1,32.1984,32,7,60,8.606825049924039,0.157,0.13683125027316295,identical
corridor,5000,12.0,19,5520299586167710275,True,1,32.1564,32,7,58,8.175740886305006,0.148,0.1392298780813178,identical
corridor,5000,12.0,20,5319362245528057983,True,1,32.5536,33,7,57,8.55352132399284,0.1492,0.13717865111420385,identical
corridor,5000,12.0,21,8262038923955441230,True,1,32.2904,32,7,61,8.44748884817256,0.1542,0.1328688289894147,identical
corridor,5000,12.0,22,5906744528060121412,True,1,32.0072,32,9,60,7.913276701847302,0.1526,0.13845132711550534,identical
corridor,5000,12.0,23,3083708131505986962,True,1,32.0976,33,9,55,8.00102957374863,0.1498,0.13795917264206287,identical
corridor,10000,5.0,0,5995470017642420438,False,3,13.5192,13,1,33,4.513738069494159,0.1834,0.21229639477607398,identical
corridor,10000,5.0,1,1666222742036761689,False,2,13.4966,13,0,31,4.386751467772012,0.1866,0.21258139963226852,identical
corridor,10000,5.0,2,1851606364782890490,True,1,13.4926,13,1,31,4.3719040748854825,0.1843,0.217659632730052,identical
corridor,10000,5.0,3,3945359997449182459,False,3,13.546,13,0,31,4.418561304316104,0.1871,0.21577418229888748,identical
corridor,10000,5.0,4,6521548478863954652,True,1,13.5382,13,1,31,4.478318965862123,0.1829,0.21274157346419292,identical
corridor,10000,5.0,5,4676349881306309197,True,1,13.6224,14,1,34,4.545153269142864,0.1859,0.2149658336204024,identical
corridor,10000,5.0,6,234472346901906961,True,1,13.5642,14,1,31,4.508467407002067,0.1859,0.2135309837756572,identical
corridor,10000,5.0,7,2551904146867274056,False,2,13.5062,13,0,30,4.471997491054762,0.1843,0.21503345512382321,identical
corridor,10000,5.0,8,6462170127323537932,False,4,13.492,13,0,32,4.501481533895307,0.1842,0.21447867993835787,identical
corridor,10000,5.0,9,6061065438626735052,True,1,13.453,13,1,32,4.477676964677155,0.1837,0.21502457483548104,identical
corridor,10000,5.0,10,4331279982605681426,True,1,13.5098,13,1,31,4.514898001062447,0.1866,0.21360937316619383,identical
corridor,10000,5.0,11,3137906152359192544,True,1,13.7294,13,1,33,4.777109548670608,0.1867,0.21153182202583232,identical
corridor,10000,5.0,12,1978864921852796190,False,2,13.5396,13,1,29,4.448014370480261,0.1864,0.2103046525296829,identical
corridor,10000,5.0,13,7771721246807296119,True,1,13.5332,13,1,31,4.50751569714402,0.1843,0.21523643848954271,identical
corridor,10000,5.0,14,2997463883172372289,False,2,13.4706,13,1,33,4.46852723388809,0.1813,0.21518378958411172,identical
corridor,10000,5.0,15,311298863830496274,True,1,13.579,13,1,31,4.578707131931511,0.1863,0.21273707734767455,identical
corridor,10000,5.0,16,4440380823789315545,False,2,13.2834,13,0,29,4.248727390642923,0.1836,0.21505427568839908,identical
corridor,10000,5.0,17,5674023617451002279,True,1,13.4858,13,1,33,4.500110927521686,0.1835,0.21175958060968852,identical
corridor,10000,5.0,18,3577652437794343916,True,1,13.4242,13,1,31,4.489571734586726,0.186,0.21509436001940843,identical
corridor,10000,5.0,19,2942533984946569928,False,3,13.4386,13,1,30,4.459061564948374,0.1862,0.2108706890874322,identical
corridor,10000,5.0,20,4625599100271927585,False,2,13.391,13,1,30,4.438098579346799,0.1828,0.2110476090379262,identical
corridor,10000,5.0,21,8676106715586055499,False,2,13.5438,13,1,34,4.4452763198703655,0.1835,0.21498676767499558,identical
corridor,10000,5.0,22,4503894458509385532,False,2,13.5004,13,0,31,4.463675597531726,0.186,0.21301084500237777,identical
corridor,10000,5.0,23,2623391287520719462,True,1,13.4332,13,1,33,4.4853693002918495,0.1876,0.21095584241586823,identical
corridor,10000,8.0,0,6615036338264809309,True,1,21.5654,21.5,2,46,6.285262352519607,0.1682,0.17035380448500498,identical
corridor,10000,8.0,1,6585869786092377083,True,1,21.653,22,4,46,6.378839314483467,0.1683,0.1661582925823464,identical
corridor,10000,8.0,2,6285235993126021482,True,1,21.5936,22,3,41,6.15743770086231,0.1678,0.16870856842505563,identical
corridor,10000,8.0,3,6775239652166726163,True,1,21.4402,21,3,44,6.079492080758106,0.1644,0.1694224541430957,identical
corridor,10000,8.0,4,8078063979091095361,True,1,21.4662,21,5,45,6.117929188867727,0.1635,0.168813404675639,identical
corridor,10000,8.0,5,812892999420410745,True,1,21.5078,22,2,42,6.0391174156494145,0.163,0.1696408290146843,identical
corridor,10000,8.0,6,5158694637993923180,True,1,21.3666,21,4,40,5.970946695457951,0.1636,0.16719396300284106,identical
corridor,10000,8.0,7,1601789381961259290,True,1,21.5598,22,3,42,6.08567366525683,0.1681,0.16810321564359787,identical
corridor,10000,8.0,8,8010826570369792481,True,1,21.5354,22,3,42,6.037279754989031,0.165,0.1691576637992817,identical
corridor,10000,8.0,9,3396932814961936863,True,1,21.6682,22,3,49,6.162329815905671,0.1667,0.16621197652550676,identical
corridor,10000,8.0,10,9205807604145135028,True,1,21.5102,22,4,50,6.158221818025031,0.1641,0.1677950918747393,identical
corridor,10000,8.0,11,6324719547660273358,True,1,21.4518,22,3,44,5.917624249646276,0.164,0.16924167476338123,identical
corridor,10000,8.0,12,8732627304207609505,True,1,21.5258,21,3,41,6.198623585926144,0.1681,0.16673930188190536,identical
corridor,10000,8.0,13,6574848380707925769,True,1,21.5382,22,3,41,6.167652775570272,0.166,0.16954362627678649,identical
corridor,10000,8.0,14,8140312821715180823,True,1,21.4482,21,4,43,6.27983413475228,0.1642,0.16881037439775876,identical
corridor,10000,8.0,15,8391307127284609423,True,1,21.4786,22,4,42,5.964708043148531,0.1665,0.16559535623022703,identical
corridor,10000,8.0,16,2315200722535612362,True,1,21.5842,22,3,43,6.1783744107977,0.1652,0.1700022500024989,identical
corridor,10000,8.0,17,8587121674384109799,True,1,21.576,22,4,40,5.945050378255753,0.1689,0.16753762714384937,identical
corridor,10000,8.0,18,4147309408445249600,True,1,21.5732,22,3,42,6.064325334280847,0.1667,0.16979628544444297,identical
corridor,10000,8.0,19,162215754023058820,True,1,21.426,21,3,45,6.081704037521034,0.1631,0.1689369812832367,identical
corridor,10000,8.0,20,6062572903504681836,True,1,21.5408,22,1,43,6.161114782245134,0.1634,0.16868407549566683,identical
corridor,10000,8.0,21,4223876147451563471,True,1,21.5274,21,3,44,6.184888781538452,0.1652,0.16921393693436781,identical
corridor,10000,8.0,22,6335754309754655523,True,1,21.6734,21,4,44,6.280551921606959,0.1683,0.16934708369690216,identical
corridor,10000,8.0,23,923767943752654589,True,1,21.594,22,4,46,6.111968913533528,0.1641,0.16884843136584474,identical
corridor,10000,12.0,0,8958075463538324188,True,1,32.4216,33,7,58,8.306013089322597,0.1549,0.13601883048359537,identical
corridor,10000,12.0,1,1511072354060620694,True,1,32.3124,33,7,59,8.244537964009835,0.1525,0.13516658658944275,identical
corridor,10000,12.0,2,255277499674769602,True,1,32.1374,32,4,59,8.261556829072841,0.1531,0.13738143086152416,identical
corridor,10000,12.0,3,8782284340564643144,True,1,32.3092,33,6,59,8.397963762722517,0.1524,0.13947374485727765,identical
corridor,10000,12.0,4,3436759031771051411,True,1,32.545,33,7,65,8.508417890536405,0.153,0.1373752694071189,identical
corridor,10000,12.0,5,7760443250651846263,True,1,32.5132,33,7,60,8.41365709783806,0.1559,0.13593627142949694,identical
corridor,10000,12.0,6,1978229330224552493,True,1,32.1506,33,7,58,8.054621011568441,0.1525,0.13767854788745343,identical
corridor,10000,12.0,7,2338278306216794559,True,1,32.6306,33,9,61,8.47136020010949,0.1522,0.1376369718253272,identical
corridor,10000,12.0,8,3680538003072712337,True,1,32.333,33,7,59,8.240625643723932,0.1529,0.1382142339857077,identical
corridor,10000,12.0,9,8690435315534737528,True,1,32.0562,32,7,58,8.004376400444896,0.15,0.1361649129063673,identical
corridor,10000,12.0,10,6498129818810243659,True,1,32.4158,33,8,61,8.424150423633208,0.1541,0.13797332318160074,identical
corridor,10000,12.0,11,3219919130712465238,True,1,32.4598,33,7,59,8.220923546658204,0.1511,0.1371834761897019,identical
corridor,10000,12.0,12,4118460170197729662,True,1,32.42,33,9,62,8.363468180127212,0.1526,0.1383691774868256,identical
corridor,10000,12.0,13,4214455383329566472,True,1,32.5876,33,7,59,8.414079048832386,0.1495,0.1377166328397355,identical
corridor,10000,12.0,14,6242425870889947853,True,1,32.3534,33,8,63,8.285379197115594,0.1556,0.13623102891123906,identical
corridor,10000,12.0,15,2276094308431563569,True,1,32.2388,33,8,59,8.173161845944353,0.1522,0.13711326619088737,identical
corridor,10000,12.0,16,6114259200320432234,True,1,32.3278,33,7,62,8.215530850772844,0.1514,0.13617744542385468,identical
corridor,10000,12.0,17,7558088971406520657,True,1,32.3582,33,7,58,8.209256529065195,0.1525,0.1374066864958775,identical
corridor,10000,12.0,18,6425124660014567597,True,1,32.4548,33,6,59,8.256594755708925,0.154,0.1372101088128826,identical
corridor,10000,12.0,19,8908525324736500029,True,1,32.4404,33,7,60,8.375968471764889,0.1546,0.13615654908695074,identical
corridor,10000,12.0,20,171573508488017242,True,1,32.2888,32,8,56,8.313542840450289,0.1538,0.13666985582378535,identical
corridor,10000,12.0,21,2941631480561649001,True,1,32.3018,33,10,59,8.386269537762306,0.154,0.1372351591541444,identical
corridor,10000,12.0,22,8773781876237455095,True,1,32.1318,32,7,60,8.15289082227892,0.1488,0.13826188976202447,identical
corridor,10000,12.0,23,103506696952094914,True,1,32.4634,33,7,58,8.453014872813188,0.1516,0.13759226845961284,identical
cluster_bridge,500,5.0,0,2375417272831890276,True,1,87.448,104,7,130,38.49586076450297,0.58,0.0813933546135415,identical
cluster_bridge,500,5.0,1,6333964347151958620,False,2,88.008,101.5,0,133,37.865762054922385,0.526,0.07862591899358537,identical
cluster_bridge,500,5.0,2,1126588749211691481,True,1,88.508,104,10,132,38.734092683319695,0.578,0.0793184015950634,identical
cluster_bridge,500,5.0,3,6145919138352444102,True,1,89.048,103,7,132,38.42293190270622,0.586,0.0777486183051618,identical
cluster_bridge,500,5.0,4,8480652984938984767,True,1,88.976,103,5,135,38.745985908220234,0.52,0.07525360752045053,identical
cluster_bridge,500,5.0,5,4475888780796285151,True,1,90.444,105,7,133,39.05963215392588,0.518,0.07103283891951793,identical
cluster_bridge,500,5.0,6,8240469679537707984,True,1,89.608,104,1,132,39.084195475920936,0.588,0.07323812655102531,identical
cluster_bridge,500,5.0,7,6216795136931715315,True,1,86.276,95,10,138,36.896935157272885,0.492,0.07593828020458583,identical
cluster_bridge,500,5.0,8,8678426061916204477,True,1,94.164,109,10,142,39.365125479286846,0.374,0.07425500900407145,identical
cluster_bridge,500,5.0,9,4866928081664033263,True,1,88.64,105,5,133,38.954465726024274,0.59,0.0764439123030075,identical
cluster_bridge,500,5.0,10,3379891525335786192,True,1,89.068,105.5,10,136,38.91009349770312,0.562,0.07413696168342451,identical
cluster_bridge,500,5.0,11,6590620914061593508,True,1,88.068,102,7,139,38.77292065346637,0.58,0.08192849635109074,identical
cluster_bridge,500,5.0,12,4662274090104579990,True,1,92.22,108.5,2,138,40.103361455119945,0.594,0.07046307271792904,identical
cluster_bridge,500,5.0,13,5774667302683353037,True,1,91.008,107,6,139,39.4795635234231,0.522,0.07296209879038058,identical
cluster_bridge,500,5.0,14,2833492619715466672,True,1,88.992,104,10,134,38.99394742777397,0.578,0.07426764082399846,identical
cluster_bridge,500,5.0,15,7280826730710604520,True,1,86.792,102,9,132,38.06059295386767,0.582,0.08037349450049128,identical
cluster_bridge,500,5.0,16,7295839219239444996,True,1,87.204,102,10,132,37.906759080670554,0.598,0.07515594863152593,identical
cluster_bridge,500,5.0,17,3006919189779659825,True,1,90.88,107,7,137,39.097488410382596,0.566,0.07635807352064357,identical
cluster_bridge,500,5.0,18,133841238914119937,True,1,90.584,106.5,10,138,39.476663283514725,0.586,0.08198375961836857,identical
cluster_bridge,500,5.0,19,1542114001731554394,True,1,87.568,99.5,10,133,37.709380477541636,0.518,0.0803649304830932,identical
cluster_bridge,500,5.0,20,1381718237730836600,True,1,86.024,100,9,134,38.38821985974343,0.564,0.08158612676565234,identical
cluster_bridge,500,5.0,21,1919693662515702463,True,1,87.38,99,10,135,37.42544054516925,0.59,0.07712595697489254,identical
cluster_bridge,500,5.0,22,206740074238194011,True,1,89.384,105,9,131,39.166165806726596,0.588,0.07120844091551327,identical
cluster_bridge,500,5.0,23,2983313085013779443,True,1,88.192,103,9,135,38.39384242297193,0.586,0.07902386167504465,identical
cluster_bridge,500,8.0,0,4629739900308931348,True,1,90.376,104,4,136,38.41680132442052,0.602,0.07602659077563599,identical
cluster_bridge,500,8.0,1,2208423405446663416,True,1,88.78,102.5,4,132,38.55266008980445,0.566,0.0799195345264462,identical
cluster_bridge,500,8.0,2,2030943564257249559,True,1,83.756,95.5,10,134,37.13376447385854,0.572,0.08011476207709108,identical
cluster_bridge,500,8.0,3,5510163271509883372,True,1,88.128,104,9,133,38.483342058610255,0.518,0.07923567083991528,identical
cluster_bridge,500,8.0,4,5626520696437387383,False,2,87.62,102,0,135,39.12349166421624,0.592,0.08138124463350686,identical
cluster_bridge,500,8.0,5,2433325219591375779,True,1,90.328,107,5,137,39.54693940117239,0.51,0.07255230177156635,identical
cluster_bridge,500,8.0,6,850982218085316213,True,1,84.32,96.5,9,129,37.04070193719336,0.512,0.08047004952184598,identical
cluster_bridge,500,8.0,7,709697834114294519,True,1,85.204,96.5,8,134,37.62709640671201,0.562,0.08501635741993696,identical
cluster_bridge,500,8.0,8,1527950848865994906,True,1,90.104,106,9,136,38.86609298604631,0.44,0.07676219540050885,identical
cluster_bridge,500,8.0,9,5130095335223884588,True,1,87.976,101,10,134,38.163168421922215,0.594,0.07417348002145716,identical
cluster_bridge,500,8.0,10,7677409586269724594,True,1,87.732,106,10,134,38.86525666967862,0.576,0.07405117107552352,identical
cluster_bridge,500,8.0,11,3718797559028594568,True,1,87.38,99,8,135,38.019726458773995,0.594,0.0824630174131609,identical
cluster_bridge,500,8.0,12,3725250152002002071,True,1,91.292,106,10,137,38.73952420977832,0.522,0.06957686024515435,identical
cluster_bridge,500,8.0,13,3692294013280294909,True,1,90.036,105,10,136,39.18064195492467,0.586,0.07093155538943402,identical
cluster_bridge,500,8.0,14,6014189487262162959,True,1,90.936,107,10,135,39.14909838042251,0.612,0.07428702986700475,identical
cluster_bridge,500,8.0,15,1595989895537111127,True,1,87.252,100,9,136,38.46084367249373,0.518,0.08166598591630697,identical
cluster_bridge,500,8.0,16,4902172786860451361,True,1,86.388,100,1,129,37.53608205447128,0.506,0.07615845861737885,identical
cluster_bridge,500,8.0,17,7233540279778058102,True,1,87.236,97.5,6,136,37.54858591212191,0.596,0.07985366382936829,identical
cluster_bridge,500,8.0,18,8144645883073201372,True,1,88.556,101,10,135,37.9939319365606,0.556,0.0745131594220796,identical
cluster_bridge,500,8.0,19,982438762037248083,True,1,89.244,102,10,135,38.09961238647976,0.518,0.07927473491834308,identical
cluster_bridge,500,8.0,20,3654680309228433747,True,1,88.368,102,9,136,37.851823945485116,0.576,0.07754035180143018,identical
cluster_bridge,500,8.0,21,3840786196297001968,True,1,90.3,103,6,134,38.826975159030866,0.506,0.0691174963326254,identical
cluster_bridge,500,8.0,22,3749402197184526972,True,1,89.644,101,10,134,38.02069520668973,0.536,0.07103683021834231,identical
cluster_bridge,500,8.0,23,2874619380411282670,True,1,86.94,101,9,136,38.55910268665493,0.582,0.07276576781240793,identical
cluster_bridge,500,12.0,0,2335649917933458681,True,1,88.092,104,6,138,39.316606364232435,0.598,0.07837661407307099,identical
cluster_bridge,500,12.0,1,5201198482796285857,True,1,89.288,105,9,136,39.2064925235604,0.562,0.07250410955024872,identical
cluster_bridge,500,12.0,2,3698089302436667596,True,1,90.9,103.5,10,136,38.55881222237013,0.518,0.07592740854885124,identical
cluster_bridge,500,12.0,3,3074358666521037672,True,1,92.512,108,10,137,39.02329888669078,0.518,0.07121546300103371,identical
cluster_bridge,500,12.0,4,5515023195921264562,True,1,85.912,100,6,136,38.01200147321896,0.514,0.07893148558477224,identical
cluster_bridge,500,12.0,5,2045353359673399120,True,1,89.344,103,9,133,38.54672053495603,0.574,0.07187787087149533,identical
cluster_bridge,500,12.0,6,5969708419644617700,True,1,87.172,99,10,133,37.539344906377906,0.58,0.07868512231799457,identical
cluster_bridge,500,12.0,7,5626087936607759959,True,1,89.58,104,2,132,38.62081822022936,0.576,0.07465409257078684,identical
cluster_bridge,500,12.0,8,8855238601030441360,True,1,90.564,105,10,134,38.8686236442712,0.514,0.07347767224422394,identical
cluster_bridge,500,12.0,9,7739828128205226576,True,1,87.72,99,10,134,38.020804831039534,0.594,0.07621912161350403,identical
cluster_bridge,500,12.0,10,1507089653211894774,True,1,91.844,105,4,138,38.956484235618575,0.57,0.06920021781516102,identical
cluster_bridge,500,12.0,11,2517231573860851270,True,1,90.704,108,10,135,38.9532076214527,0.592,0.07390893392202383,identical
cluster_bridge,500,12.0,12,6773234534198374837,True,1,89.516,103,10,133,38.354892047820954,0.57,0.07308392859608535,identical
cluster_bridge,500,12.0,13,5298038742511214051,True,1,87.572,101,10,132,38.430311161894046,0.57,0.07679264069471792,identical
cluster_bridge,500,12.0,14,856716327390391382,True,1,88.66,102,6,136,38.60611868603215,0.568,0.07434971448148692,identical
cluster_bridge,500,12.0,15,2501255054077873293,True,1,86.692,100,8,136,38.06112368283415,0.592,0.08055388031719952,identical
cluster_bridge,500,12.0,16,7846378240819842528,True,1,90.14,105,10,137,39.164121335732794,0.51,0.07664478559847751,identical
cluster_bridge,500,12.0,17,8111070585513935489,True,1,85.196,98,10,131,37.56990263495502,0.566,0.08675450786376077,identical
cluster_bridge,500,12.0,18,1803811112615788300,True,1,88.024,101.5,7,136,38.56920305113912,0.522,0.0827845460842764,identical
cluster_bridge,500,12.0,19,8673919363759905037,True,1,90.944,106,3,138,39.938363311482874,0.526,0.07374080493054706,identical
cluster_bridge,500,12.0,20,5738632744509876107,True,1,89.848,104,10,137,38.92953757752588,0.534,0.06980193572297866,identical
cluster_bridge,500,12.0,21,3866097471149322146,True,1,91.028,107,10,137,39.37795342574321,0.582,0.07045078089784484,identical
cluster_bridge,500,12.0,22,4731978130820485955,True,1,89.956,103,9,135,38.3692332996113,0.522,0.07687268405720676,identical
cluster_bridge,500,12.0,23,7972755171341405183,True,1,89.988,106,8,139,38.977222271475426,0.582,0.06892611339034821,identical
cluster_bridge,1000,5.0,0,4696582453084843384,True,1,174.778,202,21,261,75.58398452053191,0.568,0.05556498038229431,identical
cluster_bridge,1000,5.0,1,831125840916040592,True,1,177.378,209,11,269,78.41190672340512,0.56,0.0532465698430207,identical
cluster_bridge,1000,5.0,2,903857322295996385,True,1,172.292,198,9,262,74.72412419025065,0.563,0.05452643115356456,identical
cluster_bridge,1000,5.0,3,2499138927102962731,True,1,181.276,209.5,15,272,78.02930106056309,0.565,0.052379511832402886,identical
cluster_bridge,1000,5.0,4,5133000954061786631,True,1,174.458,200,21,270,75.77336099184195,0.561,0.05362883449069865,identical
cluster_bridge,1000,5.0,5,3161076472993143175,True,1,175.806,201.5,20,272,75.91085801122263,0.563,0.05460622872314486,identical
cluster_bridge,1000,5.0,6,3000669687944934707,True,1,173.216,202.5,11,262,76.4310365231299,0.544,0.053559734696547096,identical
cluster_bridge,1000,5.0,7,1943532411274065479,True,1,172.138,197,7,271,76.1049732671919,0.568,0.05645180446558466,identical
cluster_bridge,1000,5.0,8,3790113786418996028,True,1,177.882,206,14,271,77.27999790372662,0.583,0.05258775921066741,identical
cluster_bridge,1000,5.0,9,779888657528892265,True,1,179.202,210,7,267,76.87450289920575,0.569,0.05358853463494774,identical
cluster_bridge,1000,5.0,10,4793220405627195449,True,1,179.186,208,20,275,78.16376017055477,0.595,0.05594729669283861,identical
cluster_bridge,1000,5.0,11,5479290311661217839,True,1,172.504,199,5,270,76.61401950034997,0.574,0.05309295979383623,identical
cluster_bridge,1000,5.0,12,8023035086456283196,True,1,179.344,213.5,2,268,78.14677001642497,0.697,0.05261750452791485,identical
cluster_bridge,1000,5.0,13,5425167129806851923,True,1,176.068,205.5,8,273,77.4066623489219,0.57,0.05438468928300967,identical
cluster_bridge,1000,5.0,14,6916424842795770659,True,1,175.836,202,19,265,75.90913715752538,0.573,0.05528141100551813,identical
cluster_bridge,1000,5.0,15,4150563957008947693,True,1,174.854,202,20,267,76.13216589589449,0.576,0.05573692991147548,identical
cluster_bridge,1000,5.0,16,9048874158542532392,True,1,174.97,199.5,15,266,76.634320640298,0.572,0.053703850058541024,identical
cluster_bridge,1000,5.0,17,8936513440811992584,True,1,180.868,208,2,273,76.77117021382442,0.529,0.052695089969964595,identical
cluster_bridge,1000,5.0,18,3467494604033091404,True,1,178.966,208,12,269,76.93601785899772,0.569,0.05254660125952183,identical
cluster_bridge,1000,5.0,19,8633475386533706110,True,1,179.718,210,3,269,77.74850786992639,0.571,0.05150390519331884,identical
cluster_bridge,1000,5.0,20,5623724163256488486,True,1,174.172,202,11,274,76.75661805994326,0.562,0.057990800871442455,identical
cluster_bridge,1000,5.0,21,7392457569629337883,True,1,178.41,206,18,267,76.92110178618094,0.5,0.050841029399321155,identical
cluster_bridge,1000,5.0,22,8994577021517752776,True,1,177.534,206,8,270,77.10934342866624,0.574,0.05289441178930805,identical
cluster_bridge,1000,5.0,23,787061078459967211,True,1,178.612,207,16,272,76.46797666997605,0.571,0.05420906837102958,identical
cluster_bridge,1000,8.0,0,7814976081466932556,True,1,177.538,206,12,265,77.44567486954973,0.552,0.052971921805604505,identical
cluster_bridge,1000,8.0,1,5158281077997580289,True,1,177.296,203,14,268,75.52873879524267,0.586,0.05192722164491472,identical
cluster_bridge,1000,8.0,2,9193561465306963757,True,1,178.036,205,5,275,76.01312191983698,0.579,0.05197664773469922,identical
cluster_bridge,1000,8.0,3,7424629452895529778,True,1,179.99,205,12,274,76.52076776927953,0.577,0.05149577075202966,identical
cluster_bridge,1000,8.0,4,8952420710594509664,True,1,180.46,210,11,268,78.35270512241425,0.566,0.0536477035008662,identical
cluster_bridge,1000,8.0,5,8949251246150960815,True,1,178.77,211,6,268,78.51060501613773,0.561,0.05439402254019959,identical
cluster_bridge,1000,8.0,6,4542826511668416458,True,1,180.988,211,20,268,77.57814032316062,0.564,0.0558002779695933,identical
cluster_bridge,1000,8.0,7,233275084323566466,True,1,175.198,199,7,272,75.57386318033505,0.508,0.0518738553609477,identical
cluster_bridge,1000,8.0,8,1427440500196769630,True,1,178.796,209,12,266,77.3310958411945,0.572,0.05366386390421002,identical
cluster_bridge,1000,8.0,9,1178174673002020420,True,1,176.562,206,7,271,77.03957525843455,0.575,0.0515244908242652,identical
cluster_bridge,1000,8.0,10,5859505970714470722,True,1,180.394,210.5,5,271,77.24579447452138,0.567,0.05142346940682839,identical
cluster_bridge,1000,8.0,11,5114610810120748237,True,1,179.17,206,11,269,76.9419203035641,0.591,0.05042852037255191,identical
cluster_bridge,1000,8.0,12,4216980843737148614,True,1,183.706,211,20,271,78.18540505746579,0.499,0.05166615622144126,identical
cluster_bridge,1000,8.0,13,4782532856508680892,True,1,180.976,207,20,279,77.65040517601955,0.581,0.05222746657154201,identical
cluster_bridge,1000,8.0,14,7822028331165434693,True,1,181.916,210,18,272,78.06992342765558,0.574,0.04993676298423687,identical
cluster_bridge,1000,8.0,15,2262824502414021585,True,1,181.13,209,9,274,77.92521478956603,0.576,0.05279145232637947,identical
cluster_bridge,1000,8.0,16,8857512494372510864,True,1,179.882,212,16,273,78.44730764022437,0.552,0.05002512436703773,identical
cluster_bridge,1000,8.0,17,4146840143094451961,True,1,177.252,203.5,9,268,76.4282179302906,0.574,0.05120396118279441,identical
cluster_bridge,1000,8.0,18,8053829321195592672,True,1,174.8,201,19,266,75.68431805863091,0.505,0.0531107587396198,identical
cluster_bridge,1000,8.0,19,4067675544067739374,True,1,173.062,199,9,264,74.99293404048147,0.577,0.054020750845658785,identical
cluster_bridge,1000,8.0,20,5111833025887878345,True,1,178.694,209,7,275,77.43919139557177,0.579,0.05519953870273478,identical
cluster_bridge,1000,8.0,21,6319294108238357526,True,1,183.29,213,12,274,78.11770541945027,0.589,0.050457898868026846,identical
cluster_bridge,1000,8.0,22,1857559312977871444,True,1,176.918,205,15,264,75.8578755041294,0.565,0.05219595863167953,identical
cluster_bridge,1000,8.0,23,4820968037570311772,True,1,182.362,213,9,269,78.75654230602053,0.583,0.054100307879931184,identical
cluster_bridge,1000,12.0,0,1051487149976497114,True,1,177.336,203.5,17,269,76.4707467205598,0.566,0.055022090486271324,identical
cluster_bridge,1000,12.0,1,3132512513993687531,True,1,182.954,209,4,276,78.07122314912193,0.584,0.05146823804487752,identical
cluster_bridge,1000,12.0,2,4578974422366193556,True,1,179.744,207,2,277,77.46960993834944,0.577,0.05270232713494224,identical
cluster_bridge,1000,12.0,3,671611587063861914,True,1,177.452,205,20,271,76.49837708082435,0.562,0.052228817015916085,identical
cluster_bridge,1000,12.0,4,5866423135208350631,True,1,175.394,201,4,266,76.64612686887708,0.556,0.05147253640780744,identical
cluster_bridge,1000,12.0,5,4377538219143058418,True,1,179.272,206,20,272,76.39671469376164,0.576,0.05227523591538401,identical
cluster_bridge,1000,12.0,6,5258169767689383836,True,1,176.848,206,8,271,76.78747877095583,0.565,0.05492321208416983,identical
cluster_bridge,1000,12.0,7,2048537536023128983,True,1,182.156,209,4,275,76.84985142471,0.586,0.05124676210681491,identical
cluster_bridge,1000,12.0,8,1377782733535635496,True,1,180.804,212,8,272,78.61750176646426,0.567,0.051811464143784444,identical
cluster_bridge,1000,12.0,9,6550044702210125053,True,1,176.894,206,7,278,78.15564447946163,0.561,0.05327142544720141,identical
cluster_bridge,1000,12.0,10,1216231015489021703,True,1,178.896,207,10,264,76.96297281160594,0.559,0.054703805654369594,identical
cluster_bridge,1000,12.0,11,5573902919211046610,True,1,180.316,205.5,7,277,77.66353162199097,0.586,0.053341219757219435,identical
cluster_bridge,1000,12.0,12,1874397335532866748,True,1,179.648,206,12,267,77.96245311686907,0.568,0.05220444297240483,identical
cluster_bridge,1000,12.0,13,5583327662028139485,True,1,180.024,209,20,268,76.67052513189145,0.586,0.051629623430684904,identical
cluster_bridge,1000,12.0,14,3363034911263395598,True,1,179.584,210,9,273,77.0047462433323,0.509,0.051856278542218116,identical
cluster_bridge,1000,12.0,15,1771225906437726672,True,1,178.762,206,11,271,76.67773702972723,0.567,0.05110580944097175,identical
cluster_bridge,1000,12.0,16,6307248392393445319,True,1,178.352,203.5,20,269,76.25496768080103,0.573,0.052216845237937445,identical
cluster_bridge,1000,12.0,17,3127084433570537312,True,1,180.534,210,20,270,78.16233647991861,0.558,0.051850272756979635,identical
cluster_bridge,1000,12.0,18,270748420978698378,True,1,180.778,210,21,274,77.28786913869482,0.497,0.05177561872838186,identical
cluster_bridge,1000,12.0,19,9001067715343156042,True,1,179.136,205,7,278,76.62462726826152,0.584,0.054993004711747694,identical
cluster_bridge,1000,12.0,20,1237519148386445529,True,1,180.478,209.5,19,268,77.50206136613397,0.565,0.053823088687500506,identical
cluster_bridge,1000,12.0,21,1727764057724175659,True,1,176.578,205,21,264,76.32760913326189,0.575,0.056247768869156264,identical
cluster_bridge,1000,12.0,22,6750243970900666869,True,1,175.802,202,4,267,76.48843570109145,0.562,0.05300520790551916,identical
cluster_bridge,1000,12.0,23,8575992295381044983,True,1,175.106,205,7,261,76.29431672149633,0.565,0.052663999959073414,identical
cluster_bridge,2000,5.0,0,2760137346415941842,True,1,353.071,408.5,17,532,153.46111872067127,0.5665,0.039303620319559314,identical
cluster_bridge,2000,5.0,1,1833896302391272697,True,1,355.481,407,38,536,151.44041613453138,0.567,0.038336394304499116,identical
cluster_bridge,2000,5.0,2,4572378729630570778,True,1,357.056,412,17,538,154.0018242229616,0.569,0.036728595373439456,identical
cluster_bridge,2000,5.0,3,7260777960902362213,True,1,359.29,417,26,535,154.3730737531646,0.5665,0.036690655384288576,identical
cluster_bridge,2000,5.0,4,1457718522851387871,True,1,358.827,412,29,545,152.92675721076395,0.5595,0.03702317803484985,identical
cluster_bridge,2000,5.0,5,564106486880974810,True,1,352.727,407,2,540,152.59881543118186,0.689,0.03684121811685362,identical
cluster_bridge,2000,5.0,6,721502974974158444,True,1,357.504,412,22,546,153.5931768797039,0.5695,0.037074803912837656,identical
cluster_bridge,2000,5.0,7,882179686372785657,True,1,359.699,416,17,542,154.29189349735793,0.57,0.03604135859519757,identical
cluster_bridge,2000,5.0,8,3168613184649430597,True,1,348.456,401,13,521,151.75464099657677,0.5575,0.03700322613974307,identical
cluster_bridge,2000,5.0,9,1459368124358165655,True,1,356.222,409,42,539,153.1879848943772,0.568,0.03737301616007528,identical
cluster_bridge,2000,5.0,10,7037538108908770021,True,1,359.569,416,11,543,153.96117445317176,0.565,0.038532251094602635,identical
cluster_bridge,2000,5.0,11,2906958275533874971,True,1,359.377,416,21,543,153.96738898546016,0.5685,0.036942239542603866,identical
cluster_bridge,2000,5.0,12,5659561416927844199,True,1,364.575,422,28,541,155.55078712433436,0.57,0.03620565987193669,identical
cluster_bridge,2000,5.0,13,4287428476441749520,True,1,357.162,409,30,546,152.6170591906422,0.565,0.03654398505979396,identical
cluster_bridge,2000,5.0,14,8620093932396298046,True,1,357.092,416,12,539,154.65002921435223,0.55,0.03728139667422172,identical
cluster_bridge,2000,5.0,15,3903029453565554958,True,1,352.379,405.5,43,537,151.97563738639167,0.562,0.036032465087769354,identical
cluster_bridge,2000,5.0,16,1288594798596869702,True,1,349.881,407.5,10,528,152.42701151370795,0.558,0.03797672261923496,identical
cluster_bridge,2000,5.0,17,7591404508196215323,True,1,364.556,424.5,10,545,154.79665327131585,0.5625,0.03567221724377606,identical
cluster_bridge,2000,5.0,18,2545038534155413824,True,1,358.199,413,2,536,153.77382221626675,0.579,0.037452852142323086,identical
cluster_bridge,2000,5.0,19,8105107693891340484,True,1,362.676,418.5,31,548,156.26741510628514,0.5585,0.036502857578060356,identical
cluster_bridge,2000,5.0,20,7864377655075916374,True,1,356.856,413,22,534,152.91455216558055,0.5525,0.03747376947818326,identical
cluster_bridge,2000,5.0,21,5469004386286303539,True,1,357.315,412,6,547,154.00891459587646,0.559,0.03666273698603357,identical
cluster_bridge,2000,5.0,22,4216801652209283807,True,1,358.472,419,15,546,155.20921756132887,0.567,0.037172669253147085,identical
cluster_bridge,2000,5.0,23,632775703545714628,True,1,359.073,416.5,44,542,154.17588550418654,0.5595,0.03714997342874668,identical
cluster_bridge,2000,8.0,0,1635615859336245868,True,1,358.948,415,28,545,154.47729055107106,0.5505,0.039801063157923804,identical
cluster_bridge,2000,8.0,1,9068735600620657890,True,1,352.875,409,7,530,153.02957353073947,0.5585,0.03838403312708939,identical
cluster_bridge,2000,8.0,2,8573527951332204404,True,1,358.091,419.5,22,529,155.10131759272724,0.563,0.03672612969652658,identical
cluster_bridge,2000,8.0,3,2896880030212265014,True,1,353.353,411,23,534,154.61944700133913,0.565,0.037585022725998146,identical
cluster_bridge,2000,8.0,4,7486606900030695718,True,1,353.096,403,17,538,152.47200655858103,0.565,0.03606637313966813,identical
cluster_bridge,2000,8.0,5,5431505302756805057,True,1,355.986,411,36,539,153.2621473293389,0.5695,0.03798469999254223,identical
cluster_bridge,2000,8.0,6,6160819814333578121,True,1,357.9,412,27,542,153.784638374579,0.5595,0.03664947462306549,identical
cluster_bridge,2000,8.0,7,8396176396669426321,True,1,355.615,411,19,543,153.46100408572872,0.562,0.03735790012632571,identical
cluster_bridge,2000,8.0,8,3124212313048727525,True,1,353.394,407,23,550,152.77268657714959,0.556,0.0379049488554178,identical
cluster_bridge,2000,8.0,9,3596054905886373084,True,1,362.244,420,18,549,154.18907050760785,0.5685,0.037394260147998876,identical
cluster_bridge,2000,8.0,10,2464983714531451971,True,1,361.498,420,30,542,156.1776456347067,0.572,0.03705535640059345,identical
cluster_bridge,2000,8.0,11,7895244273547989962,True,1,357.982,417,9,536,154.12129858004693,0.565,0.035958070674227294,identical
cluster_bridge,2000,8.0,12,1857315239949481611,True,1,351.846,410,27,533,152.2293772042706,0.5525,0.037138192284950085,identical
cluster_bridge,2000,8.0,13,8668433124225010957,True,1,353.789,407,10,541,153.9055570114348,0.5545,0.03727939903192688,identical
cluster_bridge,2000,8.0,14,7717677845459879880,True,1,353.747,410,5,539,152.37584779419612,0.5625,0.03831259929266049,identical
cluster_bridge,2000,8.0,15,1722543335373575627,True,1,353.458,407,6,532,152.70056724190655,0.5515,0.03786071455248802,identical
cluster_bridge,2000,8.0,16,7364681768663915335,True,1,362.192,417,16,540,155.99340414261113,0.5685,0.03650309387512132,identical
cluster_bridge,2000,8.0,17,5666360360219181090,True,1,351.263,406,14,533,153.23770042323108,0.5575,0.03702865827402588,identical
cluster_bridge,2000,8.0,18,5689300250413347185,True,1,359.646,417.5,5,549,155.08337978003968,0.5735,0.03687600258944491,identical
cluster_bridge,2000,8.0,19,2581015884404171084,True,1,354.039,410,14,529,152.895158455067,0.5725,0.038244319069140456,identical
cluster_bridge,2000,8.0,20,3167483022332251557,True,1,351.888,406,20,543,152.1495726448155,0.5655,0.03856301974202362,identical
cluster_bridge,2000,8.0,21,9074086662991317525,True,1,354.721,409,16,537,152.67312520217817,0.565,0.036924441335452224,identical
cluster_bridge,2000,8.0,22,5853614868117447235,True,1,359.719,414,43,546,153.87984935981711,0.5705,0.03671740909930835,identical
cluster_bridge,2000,8.0,23,5007590061478948460,True,1,359.779,420,26,536,154.92940056361152,0.564,0.03627156447883985,identical
cluster_bridge,2000,12.0,0,7406192327825455681,True,1,354.38,407,27,538,152.88600197532796,0.563,0.03742450393861701,identical
cluster_bridge,2000,12.0,1,6664666861252700382,True,1,358.617,416,13,536,154.576079362235,0.56,0.037473869481239534,identical
cluster_bridge,2000,12.0,2,3980353237212879984,True,1,362.279,421,18,550,155.2620692860944,0.568,0.036424008947550615,identical
cluster_bridge,2000,12.0,3,481493772899787423,True,1,351.613,408,19,533,152.1550795438653,0.5605,0.03758777244937064,identical
cluster_bridge,2000,12.0,4,3415607797170475617,False,2,354.876,411,0,531,152.7069730693396,0.689,0.03754781664165398,identical
cluster_bridge,2000,12.0,5,7674341574343112198,True,1,353.104,410,39,537,153.58119410917467,0.559,0.037195018231409256,identical
cluster_bridge,2000,12.0,6,5491418505742457444,True,1,359.445,418,28,538,154.4200083376505,0.564,0.0371689673383159,identical
cluster_bridge,2000,12.0,7,8661515975237935355,True,1,362.822,419,6,545,154.6503744450689,0.5665,0.0358851590454783,identical
cluster_bridge,2000,12.0,8,6381314757114929971,True,1,362.637,419,6,533,155.20186284642332,0.564,0.03759982200211211,identical
cluster_bridge,2000,12.0,9,1621508484964345958,True,1,361.836,421,5,541,154.89668848622944,0.5645,0.03686054538614219,identical
cluster_bridge,2000,12.0,10,3087212886846723627,True,1,361.648,422,1,547,155.54809576462196,0.56,0.03663683624238817,identical
cluster_bridge,2000,12.0,11,5008232062446814517,True,1,351.585,400,7,538,151.55005369514055,0.574,0.03723421839646457,identical
cluster_bridge,2000,12.0,12,2348872735382344168,True,1,358.576,412,43,538,153.6844306493016,0.564,0.037108714129000867,identical
cluster_bridge,2000,12.0,13,1426951588215389734,True,1,359.186,414,26,538,154.35563612644648,0.5565,0.037969362317450794,identical
cluster_bridge,2000,12.0,14,2540937231631123536,True,1,354.469,407,27,540,153.18978764591327,0.5725,0.03728926450149874,identical
cluster_bridge,2000,12.0,15,6721969063493459309,True,1,366.128,423,34,539,156.13635264088893,0.57,0.03554710563966948,identical
cluster_bridge,2000,12.0,16,3513347608654911030,True,1,357.486,414,13,541,152.42552871484483,0.567,0.03729228985234019,identical
cluster_bridge,2000,12.0,17,2131213517871564601,True,1,356.976,408,20,542,153.5857233729753,0.5605,0.03734193681749631,identical
cluster_bridge,2000,12.0,18,2248990381820696032,True,1,362.032,419,25,544,154.01626529688332,0.561,0.037088595956094816,identical
cluster_bridge,2000,12.0,19,3740026076199394550,True,1,362.479,417,35,540,155.09802564507396,0.5675,0.0367563367548359,identical
cluster_bridge,2000,12.0,20,4179199570012890215,True,1,351.551,403,28,547,151.32052537246898,0.5545,0.0380783047179296,identical
cluster_bridge,2000,12.0,21,3047985888226486816,True,1,360.532,417,43,545,153.4115216533624,0.5705,0.03597661550274073,identical
cluster_bridge,2000,12.0,22,4803852618913454737,True,1,351.886,407,23,535,152.72941433790623,0.5545,0.03800115730761562,identical
cluster_bridge,2000,12.0,23,597931013000735377,True,1,361.472,419,20,545,155.0666444339335,0.565,0.035956659583203904,identical
cluster_bridge,5000,5.0,0,457458279391303883,True,1,902.024,1043,21,1351,385.8980080591245,0.5656,0.023313262463441554,identical
cluster_bridge,5000,5.0,1,7980209189929795140,True,1,887.7536,1025,31,1350,382.4628872021961,0.5614,0.023775267878353303,identical
cluster_bridge,5000,5.0,2,9017346408863508001,True,1,885.1408,1022.5,22,1335,381.724360468861,0.5574,0.022940312742404562,identical
cluster_bridge,5000,5.0,3,2440814482037830775,True,1,892.7892,1039.5,36,1348,385.2936183787115,0.5558,0.023758350273666816,identical
cluster_bridge,5000,5.0,4,3841999805504235615,True,1,889.4128,1031,36,1333,384.77785174845985,0.555,0.02340121949138805,identical
cluster_bridge,5000,5.0,5,1834767956958518579,True,1,898.058,1039,23,1350,385.3275176210495,0.5484,0.023486758877522423,identical
cluster_bridge,5000,5.0,6,7030343147064075067,True,1,898.068,1038,37,1349,384.7056846161745,0.5632,0.023640069793507724,identical
cluster_bridge,5000,5.0,7,6466751485844225369,True,1,887.4244,1020,2,1350,382.464161830412,0.5556,0.023605961446782023,identical
cluster_bridge,5000,5.0,8,151745537726131546,True,1,891.0036,1035,16,1345,383.29315724004243,0.5574,0.023651867990052172,identical
cluster_bridge,5000,5.0,9,3624057759852763093,True,1,888.9256,1022,19,1353,382.31602956799924,0.554,0.023654637930369447,identical
cluster_bridge,5000,5.0,10,1295640518019052844,True,1,893.2388,1033.5,13,1355,383.753287640067,0.5618,0.023796017610169563,identical
cluster_bridge,5000,5.0,11,9071651025473114188,True,1,893.8756,1039.5,73,1343,384.7260382722233,0.558,0.023327059146928772,identical
cluster_bridge,5000,5.0,12,7119553041374398382,True,1,886.6184,1021,19,1338,381.6473277535689,0.561,0.02382583911800152,identical
cluster_bridge,5000,5.0,13,2811319132636075520,True,1,877.8724,1016,46,1338,382.0159129123288,0.5558,0.024366649747723748,identical
cluster_bridge,5000,5.0,14,8126328096220265676,True,1,895.4512,1047,11,1352,388.02771243631537,0.5556,0.023216488908542686,identical
cluster_bridge,5000,5.0,15,624384676736482053,True,1,888.3556,1025,38,1350,382.56673398067255,0.5542,0.023644855023878728,identical
cluster_bridge,5000,5.0,16,6037926686971558459,True,1,897.6408,1039,30,1350,386.78393784561337,0.564,0.02360468454217393,identical
cluster_bridge,5000,5.0,17,560396914471752236,True,1,893.6964,1033,65,1353,381.3595555732672,0.5704,0.023266253326831528,identical
cluster_bridge,5000,5.0,18,8793379045730900628,True,1,896.5944,1035,47,1355,383.656245470655,0.5538,0.02268433232650762,identical
cluster_bridge,5000,5.0,19,663058586167413747,True,1,885.2484,1020.5,10,1351,382.687105998412,0.5592,0.02352702440515029,identical
cluster_bridge,5000,5.0,20,3343985721192251661,True,1,882.6772,1022.5,43,1352,383.2338145312329,0.5604,0.023454432982237663,identical
cluster_bridge,5000,5.0,21,8465024018526545456,True,1,891.1052,1029,50,1343,383.66257484013227,0.554,0.023202565338778246,identical
cluster_bridge,5000,5.0,22,1086898860671425553,True,1,891.3448,1035.5,7,1341,385.5679804041831,0.5624,0.023478074602074246,identical
cluster_bridge,5000,5.0,23,1661269664743235048,True,1,886.676,1021,70,1354,381.939034695332,0.5586,0.023814851926695465,identical
cluster_bridge,5000,8.0,0,1083529585660652815,True,1,888.144,1026,47,1348,381.51060177143216,0.5552,0.023749331145257388,identical
cluster_bridge,5000,8.0,1,8092414132886408346,True,1,882.15,1016,18,1336,381.83602645638405,0.551,0.023829868546735317,identical
cluster_bridge,5000,8.0,2,280285160764507740,True,1,904.5936,1049,29,1359,386.71723421518254,0.5628,0.023206899700112124,identical
cluster_bridge,5000,8.0,3,4736886535189020183,True,1,898.1176,1044,37,1343,385.56858037220803,0.5672,0.02329238568963024,identical
cluster_bridge,5000,8.0,4,7292269362204542401,True,1,896.7396,1040,23,1348,384.7549534337921,0.5584,0.02403478937985446,identical
cluster_bridge,5000,8.0,5,7856658667565519602,True,1,891.8232,1037,3,1331,384.2213788192425,0.6864,0.023331774982626226,identical
cluster_bridge,5000,8.0,6,4854287616864677716,True,1,897.2024,1033,5,1356,386.5052359726057,0.5584,0.02345641092325294,identical
cluster_bridge,5000,8.0,7,3478425485596220018,True,1,897.18,1040.5,39,1368,385.47739285203284,0.557,0.023456384130792502,identical
cluster_bridge,5000,8.0,8,6724585832200741966,True,1,886.2508,1022,8,1345,382.4790481835054,0.555,0.023624545803337282,identical
cluster_bridge,5000,8.0,9,6455230282077311825,True,1,883.8832,1018.5,16,1346,379.99613045103473,0.5558,0.023763131061367807,identical
cluster_bridge,5000,8.0,10,561403839784654855,True,1,887.5968,1026,6,1347,382.83155490340664,0.6854,0.023793933158826195,identical
cluster_bridge,5000,8.0,11,8716232926723758426,True,1,898.1632,1037,43,1348,383.637204355574,0.561,0.023821306896516965,identical
cluster_bridge,5000,8.0,12,7099737588656662756,True,1,900.7608,1042,13,1371,387.7015135169842,0.554,0.023709004259119586,identical
cluster_bridge,5000,8.0,13,952852916459047092,True,1,906.5112,1059,23,1355,389.7934533500524,0.5646,0.023301122594627695,identical
cluster_bridge,5000,8.0,14,5378962112514707497,True,1,891.4264,1026.5,11,1362,384.74921362238007,0.558,0.02363304971162445,identical
cluster_bridge,5000,8.0,15,7727518359120056457,True,1,884.0356,1026.5,33,1342,382.8768338939291,0.552,0.023961828893830632,identical
cluster_bridge,5000,8.0,16,4899494057334249892,True,1,886.2792,1024,48,1346,381.21648501522066,0.5598,0.023267700725874557,identical
cluster_bridge,5000,8.0,17,8743281923746167655,True,1,887.4592,1035,16,1329,383.06073243724745,0.5612,0.023183484934894447,identical
cluster_bridge,5000,8.0,18,4209885422942285417,True,1,893.0108,1040,22,1344,386.59727712874644,0.5514,0.023277246481739403,identical
cluster_bridge,5000,8.0,19,6094144671041676250,True,1,892.6632,1033,13,1359,383.86652701917063,0.5606,0.023276768361770117,identical
cluster_bridge,5000,8.0,20,2408252028425587492,True,1,889.8336,1031,11,1336,384.7155259552687,0.5496,0.02388489510950601,identical
cluster_bridge,5000,8.0,21,8024504158040330642,True,1,895.2908,1037,33,1331,382.469583412015,0.5578,0.02388312413127046,identical
cluster_bridge,5000,8.0,22,8379320696621484633,True,1,892.6448,1036,5,1347,383.90609559234605,0.5568,0.023677730971323727,identical
cluster_bridge,5000,8.0,23,3450782932356087264,True,1,888.302,1030,29,1354,382.7615267970391,0.5618,0.02298500839402627,identical
cluster_bridge,5000,12.0,0,1714111044789378719,True,1,887.4108,1025,19,1339,381.4721390132715,0.5634,0.02387630104829904,identical
cluster_bridge,5000,12.0,1,1904256820707844452,True,1,887.0456,1029.5,26,1332,382.18197226012677,0.5514,0.022960596303267355,identical
cluster_bridge,5000,12.0,2,4462669888629271469,True,1,905.2004,1052,58,1361,384.6630585848343,0.5622,0.023280309946990457,identical
cluster_bridge,5000,12.0,3,628603893265699965,True,1,899.0656,1045,19,1346,386.90715694677914,0.5536,0.02356804274834655,identical
cluster_bridge,5000,12.0,4,7533889786543877831,True,1,880.5372,1018.5,7,1348,381.2561540698855,0.683,0.02316767987026078,identical
cluster_bridge,5000,12.0,5,3148894899523267374,True,1,886.7152,1023,33,1349,382.0015885948115,0.5564,0.02337547298955283,identical
cluster_bridge,5000,12.0,6,1038524399778982903,True,1,878.5988,1010,28,1348,379.33136363680705,0.5594,0.023361286789081018,identical
cluster_bridge,5000,12.0,7,8278946494824718520,True,1,884.9068,1010,33,1348,380.7345475705612,0.5604,0.023757466719723223,identical
cluster_bridge,5000,12.0,8,7253879985510179785,True,1,894.2036,1030,45,1355,382.0332270196402,0.5572,0.023600959646902883,identical
cluster_bridge,5000,12.0,9,9115677641445182646,True,1,886.7088,1023,22,1338,379.98004684793636,0.556,0.02334967859578095,identical
cluster_bridge,5000,12.0,10,933463022124803394,True,1,892.5968,1032,43,1353,383.94463901682565,0.5618,0.023337617406160655,identical
cluster_bridge,5000,12.0,11,1094165099882123220,True,1,874.7264,1011,15,1327,379.2899043515925,0.558,0.023542969615616645,identical
cluster_bridge,5000,12.0,12,7691937554287304549,True,1,887.4668,1025.5,37,1354,381.9943126510659,0.5558,0.024234509398085764,identical
cluster_bridge,5000,12.0,13,5141476680606259747,True,1,898.734,1034.5,40,1360,383.67726339203364,0.5602,0.023657253438952235,identical
cluster_bridge,5000,12.0,14,3698532915034100259,True,1,885.4632,1024,25,1348,382.0242943135424,0.5564,0.023185406439643584,identical
cluster_bridge,5000,12.0,15,3879871515590750300,True,1,894.1732,1031,10,1358,383.47864451851876,0.5558,0.02371415536089066,identical
cluster_bridge,5000,12.0,16,6665482578787702123,True,1,906.83,1056,48,1343,387.2249691071069,0.5612,0.023356162108981234,identical
cluster_bridge,5000,12.0,17,7842214164660622266,True,1,889.3032,1029,63,1355,382.0229203460967,0.5582,0.0230444504942135,identical
cluster_bridge,5000,12.0,18,332705120466764977,True,1,897.8928,1048,46,1344,386.76100593022556,0.5594,0.023588053846608097,identical
cluster_bridge,5000,12.0,19,6559420640655368198,True,1,907.3048,1045,42,1362,385.1796062838221,0.5654,0.022751682720418786,identical
cluster_bridge,5000,12.0,20,7124867848528326920,True,1,885.5564,1022.5,25,1342,381.6758074846265,0.5584,0.02403018128243153,identical
cluster_bridge,5000,12.0,21,438183188510638156,True,1,897.8892,1038,40,1342,385.0437950718856,0.5562,0.023551773656899914,identical
cluster_bridge,5000,12.0,22,249635815545734020,True,1,893.2664,1030,52,1345,381.6124864716032,0.5578,0.0236712179840535,identical
cluster_bridge,5000,12.0,23,1065760346194821029,True,1,898.062,1035,22,1359,386.390313227441,0.5626,0.023346692456797703,identical
cluster_bridge,10000,5.0,0,2733227258930538460,True,1,1804.5112,2088,13,2722,769.9937972961601,0.559,0.016609134184557263,identical
cluster_bridge,10000,5.0,1,3314736467826793407,True,1,1792.5072,2081,22,2678,770.551989127376,0.5543,0.01650176695597832,identical
cluster_bridge,10000,5.0,2,4197046908095195741,True,1,1776.6856,2044,9,2701,763.5731973770696,0.5564,0.01663000759170872,identical
cluster_bridge,10000,5.0,3,2354128229586141159,True,1,1782.32,2057.5,16,2697,764.9693680141709,0.5532,0.0164405411184513,identical
cluster_bridge,10000,5.0,4,5642636537342912912,True,1,1795.8744,2084,27,2710,770.2869465495571,0.5559,0.01616717454488412,identical
cluster_bridge,10000,5.0,5,7962629473890912243,True,1,1788.1376,2064,36,2693,765.8380696114795,0.5567,0.016547353451870063,identical
cluster_bridge,10000,5.0,6,2489111362629353420,True,1,1793.2682,2074,71,2705,767.92871939312,0.5585,0.01667310452559377,identical
cluster_bridge,10000,5.0,7,688400033251969074,True,1,1791.1126,2080,28,2709,770.5267724883037,0.6862,0.01648280650432211,identical
cluster_bridge,10000,5.0,8,2426126988177253195,True,1,1786.9576,2062,46,2690,766.3350880667278,0.5572,0.016651277006119798,identical
cluster_bridge,10000,5.0,9,1597696339734180177,True,1,1779.272,2056,41,2712,765.8687241401122,0.5612,0.016681363936031774,identical
cluster_bridge,10000,5.0,10,3528170634011860343,True,1,1794.9388,2079,52,2684,772.0513089520421,0.5516,0.01656074223251862,identical
cluster_bridge,10000,5.0,11,173745285927941219,True,1,1783.4466,2058,25,2680,767.1946731752231,0.5499,0.016856629478292334,identical
cluster_bridge,10000,5.0,12,8030987207323787067,True,1,1774.7324,2042,38,2691,764.2012932403587,0.5543,0.01645383587596109,identical
cluster_bridge,10000,5.0,13,5094046814674525044,True,1,1782.4516,2058,53,2707,768.4834392863914,0.5551,0.01642318704603027,identical
cluster_bridge,10000,5.0,14,5805616303996223046,True,1,1779.3188,2064,62,2683,767.040992233506,0.5522,0.01665157244269177,identical
cluster_bridge,10000,5.0,15,6362942835919551939,True,1,1790.2078,2066,15,2699,766.833690456516,0.5556,0.016363747145474887,identical
cluster_bridge,10000,5.0,16,3692938060984216944,True,1,1792.7212,2069.5,33,2700,768.7258950175694,0.5581,0.016611817078213756,identical
cluster_bridge,10000,5.0,17,1309768615984412472,True,1,1785.5232,2066,36,2691,768.3086502583194,0.5567,0.01645527762613181,identical
cluster_bridge,10000,5.0,18,2454838366414492147,True,1,1788.7346,2070.5,69,2698,768.9948002183339,0.555,0.016566288985667317,identical
cluster_bridge,10000,5.0,19,1596774216547691460,True,1,1793.7,2070,40,2706,768.4263968656952,0.5514,0.01654053590294315,identical
cluster_bridge,10000,5.0,20,1110980385403104053,True,1,1802.4338,2089,26,2699,772.8625879272194,0.5603,0.016589148205150388,identical
cluster_bridge,10000,5.0,21,538430376452165511,True,1,1779.3416,2058,67,2699,765.2504118975969,0.5509,0.016457770763402185,identical
cluster_bridge,10000,5.0,22,8006369420161431225,True,1,1785.7668,2070,36,2685,769.4554631801382,0.5514,0.016649744694738004,identical
cluster_bridge,10000,5.0,23,5794227286448586123,True,1,1803.9806,2093.5,67,2709,771.7500003392598,0.5578,0.01648678614207462,identical
cluster_bridge,10000,8.0,0,4843461888718929092,True,1,1764.9122,2047,38,2661,761.5180364844656,0.5558,0.016992957487468353,identical
cluster_bridge,10000,8.0,1,4778629455630183308,True,1,1776.7342,2046.5,13,2693,764.4445741519464,0.6827,0.016708232185478965,identical
cluster_bridge,10000,8.0,2,7159199565260545603,True,1,1787.541,2067,32,2692,767.8297172674406,0.5544,0.01640110281550749,identical
cluster_bridge,10000,8.0,3,2989777712333916462,True,1,1786.7314,2061,62,2709,767.4731659504735,0.5529,0.016641613956992,identical
cluster_bridge,10000,8.0,4,3122147073269131815,True,1,1776.5164,2038.5,41,2703,761.2734974574121,0.5618,0.016320893118918354,identical
cluster_bridge,10000,8.0,5,6906067099560718558,True,1,1774.4696,2053,44,2669,762.675178090805,0.5582,0.016538127478620383,identical
cluster_bridge,10000,8.0,6,1688832562077181640,True,1,1776.2104,2050,20,2688,765.7171607923103,0.5577,0.016611367790230237,identical
cluster_bridge,10000,8.0,7,2710863032018958229,True,1,1764.1928,2031.5,28,2696,763.0898930192695,0.5561,0.016682091147308356,identical
cluster_bridge,10000,8.0,8,2739629252068020439,True,1,1780.537,2066,10,2687,766.1324722468061,0.5529,0.0165418763032362,identical
cluster_bridge,10000,8.0,9,2858969822319279582,True,1,1780.3826,2058.5,100,2693,765.7260395319204,0.5607,0.016730024466287026,identical
cluster_bridge,10000,8.0,10,4988390402374969681,True,1,1774.1896,2049,58,2668,761.5927338491704,0.5562,0.01657522341432299,identical
cluster_bridge,10000,8.0,11,442515922043545480,True,1,1793.7426,2084,60,2690,772.1469771651258,0.5574,0.01659963522033535,identical
cluster_bridge,10000,8.0,12,403939428553404386,True,1,1778.9624,2069,37,2661,769.8308308883475,0.5476,0.01658585170676376,identical
cluster_bridge,10000,8.0,13,4162237715849450751,True,1,1785.0884,2071,26,2704,767.1390235058057,0.5545,0.01655740122608535,identical
cluster_bridge,10000,8.0,14,6043658578498535909,True,1,1785.8596,2073,54,2685,769.8327932011192,0.5505,0.016700051201445135,identical
cluster_bridge,10000,8.0,15,6517843525292209479,True,1,1791.6158,2076,21,2680,768.7647892498474,0.561,0.01648701994713998,identical
cluster_bridge,10000,8.0,16,7008920073938114802,True,1,1795.2374,2078,6,2673,769.2227018498878,0.5604,0.016446152979635982,identical
cluster_bridge,10000,8.0,17,1203807855334729563,True,1,1788.3006,2065,11,2701,767.4396346551566,0.565,0.01672427814470043,identical
cluster_bridge,10000,8.0,18,2804631683740943918,True,1,1792.0616,2076,56,2703,769.3740379070776,0.56,0.016868045617005493,identical
cluster_bridge,10000,8.0,19,1108546266304297493,True,1,1789.884,2073,1,2706,768.4539490067064,0.6851,0.016600842427654337,identical
cluster_bridge,10000,8.0,20,7609863727347177921,True,1,1774.6186,2047,47,2697,762.5409915106464,0.5573,0.016440636776261584,identical
cluster_bridge,10000,8.0,21,7971112562765472410,True,1,1772.1486,2043,61,2680,760.5870283656164,0.5543,0.016805366022809905,identical
cluster_bridge,10000,8.0,22,2390444257404281958,True,1,1782.0552,2066,26,2682,766.9209861210979,0.5488,0.016426741883217508,identical
cluster_bridge,10000,8.0,23,8773042327918413544,True,1,1768.8568,2037.5,42,2676,762.2904393298949,0.5518,0.016587173490279893,identical
cluster_bridge,10000,12.0,0,6982431394698373045,True,1,1776.4878,2047,83,2684,762.7256244883583,0.5536,0.01672375190626396,identical
cluster_bridge,10000,12.0,1,7643206936243722793,True,1,1772.2774,2032,32,2690,759.5081668087872,0.557,0.01652864570232108,identical
cluster_bridge,10000,12.0,2,2442064399301350357,True,1,1783.5002,2062,20,2672,768.3289440076829,0.5547,0.01662048124985875,identical
cluster_bridge,10000,12.0,3,8613422637905431401,True,1,1774.3,2050,6,2703,765.4865106584118,0.5615,0.01653459852573668,identical
cluster_bridge,10000,12.0,4,2831997414538110314,True,1,1777.6664,2050.5,33,2692,766.7272488382285,0.5567,0.01660236412167164,identical
cluster_bridge,10000,12.0,5,4819363728880630572,True,1,1798.8858,2083,41,2703,771.5213150382584,0.5595,0.016586133176952875,identical
cluster_bridge,10000,12.0,6,1439684828993769653,True,1,1778.9102,2059,64,2699,765.6351927229844,0.5536,0.01649495303319173,identical
cluster_bridge,10000,12.0,7,5368085478206080459,True,1,1794.182,2090.5,47,2702,771.7136983856152,0.5538,0.016446338276611454,identical
cluster_bridge,10000,12.0,8,6213159883504327683,True,1,1790.8508,2071,1,2687,768.9861493807032,0.5566,0.016335627581404895,identical
cluster_bridge,10000,12.0,9,4007547472365895083,True,1,1784.8752,2062,23,2694,768.0921832859398,0.5543,0.016589730119865913,identical
cluster_bridge,10000,12.0,10,2706506386208177583,True,1,1787.0606,2073,77,2691,769.5705729350881,0.5607,0.016546894849652216,identical
cluster_bridge,10000,12.0,11,4970718946370045754,True,1,1786.8664,2066,6,2673,766.3134053055834,0.5512,0.016271069784610397,identical
cluster_bridge,10000,12.0,12,1520670477410378240,True,1,1785.045,2062.5,65,2717,767.7986690370075,0.5558,0.016459822198732238,identical
cluster_bridge,10000,12.0,13,5114589284656784114,True,1,1777.5086,2058,37,2684,764.3051794447304,0.5589,0.016466901873311783,identical
cluster_bridge,10000,12.0,14,8360070306091349636,True,1,1794.4388,2081,39,2700,770.3004484320127,0.5606,0.016308807535607053,identical
cluster_bridge,10000,12.0,15,6642689411942069008,True,1,1797.869,2085,43,2700,770.6520447251132,0.5612,0.016434970874502346,identical
cluster_bridge,10000,12.0,16,213357561030509281,True,1,1788.0258,2065,30,2697,769.2457670565117,0.5545,0.016548691131903995,identical
cluster_bridge,10000,12.0,17,7013787319246587462,True,1,1795.9104,2076,140,2678,768.0298878115606,0.5566,0.016634299082211403,identical
cluster_bridge,10000,12.0,18,5266935270137124471,True,1,1784.6818,2061,128,2671,766.4906950177284,0.5533,0.01674983257221836,identical
cluster_bridge,10000,12.0,19,1097101718197302406,True,1,1777.4876,2036,46,2682,761.8871571605856,0.5535,0.016595477154244184,identical
cluster_bridge,10000,12.0,20,3691998024123901089,True,1,1778.0272,2051,27,2716,763.7586908573658,0.5578,0.016682550312322613,identical
cluster_bridge,10000,12.0,21,335278634418427945,True,1,1779.6602,2060,42,2693,766.5795739099452,0.5577,0.016664856641229093,identical
cluster_bridge,10000,12.0,22,4451398426491286138,True,1,1794.867,2088.5,45,2698,772.4137109807143,0.5535,0.0166277797297766,identical
cluster_bridge,10000,12.0,23,7673740377596809193,True,1,1787.1962,2066,5,2700,765.6712044380157,0.5648,0.016531964798185632,identical
