geometry,n,density,replicate,seed,connected,components,mean_degree,median_degree,min_degree,max_degree,degree_std,clustering_share,median_nn_distance,backend_crosscheck
uniform,500,5.0,0,1593549788761875650,True,1,14.5,14,2,28,4.6525261955200214,0.166,0.21305057892736112,identical
uniform,500,5.0,1,6692716883574698626,True,1,14.012,14,3,24,4.033343030291376,0.176,0.21551485829847525,identical
uniform,500,5.0,2,2400825234465942521,True,1,14.204,14,3,25,4.167299365296425,0.184,0.21969783058446474,identical
uniform,500,5.0,3,3292327458068602596,True,1,14.124,14,4,30,4.327195858751947,0.174,0.21793631075731623,identical
uniform,500,5.0,4,7136633625454933742,True,1,14.036,14,2,23,4.1850572278046565,0.18,0.20612693298841983,identical
uniform,500,5.0,5,2161966474193070130,True,1,14.328,15,2,24,4.286305635392794,0.174,0.21096357494341023,identical
uniform,500,5.0,6,5250600463045934853,True,1,14.564,15,3,26,4.583219828897589,0.184,0.217487416617403,identical
uniform,500,5.0,7,3811000769131334234,True,1,14.184,14,3,26,4.326447041164377,0.174,0.2104642668237709,identical
uniform,500,5.0,8,1038773185718405291,True,1,14.476,14,3,29,5.197443987192162,0.188,0.20740749229033084,identical
uniform,500,5.0,9,2485535474316232948,True,1,14.924,15,1,31,4.841303956580291,0.192,0.21546609518705218,identical
uniform,500,5.0,10,226326350015107950,True,1,14.916,14,4,28,4.563873793171761,0.204,0.21634388780396543,identical
uniform,500,5.0,11,7851968325793528121,True,1,13.932,14,4,23,3.824575270536586,0.18,0.2021400633656927,identical
uniform,500,5.0,12,8786280965526637652,True,1,14.112,14,3,25,4.101640647350765,0.172,0.22864878708278558,identical
uniform,500,5.0,13,5699774858714641439,True,1,14.348,15,2,24,4.313107464462251,0.19,0.21042407574761274,identical
uniform,500,5.0,14,971018619297866379,True,1,14.368,14,3,24,4.076834065791739,0.17,0.21749658361095037,identical
uniform,500,5.0,15,552555601209052685,True,1,14.752,14,2,27,4.737773316654143,0.202,0.2272333429946308,identical
uniform,500,5.0,16,4331043065901886208,True,1,14.06,15,2,26,4.268067478379414,0.182,0.21925429644951794,identical
uniform,500,5.0,17,21547578183664788,True,1,14.2,14,3,24,4.320185181216196,0.184,0.2059617959402355,identical
uniform,500,5.0,18,7757954025362816637,True,1,14.824,15,3,24,4.353047668013757,0.184,0.2013609179756124,identical
uniform,500,5.0,19,5771890950118434650,True,1,14.404,15,2,26,4.463718629125276,0.18,0.21670153427001332,identical
uniform,500,5.0,20,589717565527143872,True,1,14.424,14,1,30,4.940063157491011,0.196,0.2120784493300592,identical
uniform,500,5.0,21,7799032328400634555,True,1,14.54,14,3,28,4.525085634548815,0.182,0.22461690532671402,identical
uniform,500,5.0,22,1531680734413583215,True,1,14.688,15,3,29,4.68429888030215,0.194,0.2185904110997559,identical
uniform,500,5.0,23,3391351288529822543,True,1,14.148,14,4,26,4.328752245162573,0.186,0.20804832479492338,identical
uniform,500,8.0,0,1631254425373217167,True,1,23.244,24,2,38,6.654957851106196,0.152,0.17272490513344863,identical
uniform,500,8.0,1,693211912092515827,True,1,22.964,23,4,40,6.232070602937674,0.15,0.15718964658771345,identical
uniform,500,8.0,2,3955218056263274949,True,1,22.392,22.5,5,38,6.203735648784528,0.158,0.17467205207394781,identical
uniform,500,8.0,3,7039405773865922493,True,1,21.852,22,4,37,5.716825692637479,0.144,0.1701565569880553,identical
uniform,500,8.0,4,5173086820124606958,True,1,22.252,23,5,37,5.8182897830891855,0.138,0.16448253993886747,identical
uniform,500,8.0,5,1001227559399749497,True,1,22.256,23,6,37,6.189221598876549,0.15,0.17567327939144545,identical
uniform,500,8.0,6,4052733661687220139,True,1,23.364,24,7,35,6.116167427400923,0.164,0.1708945517216884,identical
uniform,500,8.0,7,5912435927074293913,True,1,23.644,23,3,43,7.5305553580064695,0.166,0.1573812862391192,identical
uniform,500,8.0,8,3264082077185949482,True,1,22.34,23,7,37,5.931306770012825,0.154,0.17245038718866101,identical
uniform,500,8.0,9,3336437964752475541,True,1,22.38,22,2,37,6.673200131870768,0.166,0.16023261961870952,identical
uniform,500,8.0,10,647914396752280383,True,1,22.048,22,3,34,5.843089593699544,0.156,0.16941972939110458,identical
uniform,500,8.0,11,6011697222453295635,True,1,22.484,23,6,37,5.98144999143184,0.15,0.16675808657143057,identical
uniform,500,8.0,12,3995958739307316752,True,1,22.204,22,4,36,5.50875521329456,0.148,0.17351536625309455,identical
uniform,500,8.0,13,7652339194965231323,True,1,22.048,22,7,36,5.338697968606197,0.168,0.15292975249710092,identical
uniform,500,8.0,14,699060579824836235,True,1,22.416,23,3,43,6.093188327960983,0.146,0.17055786063315465,identical
uniform,500,8.0,15,7551836105831104266,True,1,21.76,21,5,36,5.968115280387937,0.172,0.1608372683796928,identical
uniform,500,8.0,16,7144710315906681778,True,1,22.292,22,6,38,6.500671965266365,0.164,0.15662226661411027,identical
uniform,500,8.0,17,9021893009356014768,True,1,22.496,23,6,36,6.031748005346375,0.152,0.17687083657601238,identical
uniform,500,8.0,18,4013410403093535672,True,1,21.256,21,8,36,5.046430817914775,0.15,0.16133737379241234,identical
uniform,500,8.0,19,3805305655803536040,True,1,23.04,23,4,39,6.33832785519966,0.154,0.16248411265259638,identical
uniform,500,8.0,20,3890369952705216987,True,1,23.32,24,4,42,6.840877136742045,0.154,0.18093193596665977,identical
uniform,500,8.0,21,8086254855714181884,True,1,23.424,25,2,36,6.266755460363837,0.168,0.16656760532551593,identical
uniform,500,8.0,22,1462636564661014955,True,1,22.068,22,5,35,4.824456031512775,0.142,0.17850393386192828,identical
uniform,500,8.0,23,184039792625463258,True,1,22.84,23,3,41,6.3553442078301305,0.162,0.16003177771625834,identical
uniform,500,12.0,0,1714531895237864839,True,1,33.044,34,12,55,8.71952200524777,0.146,0.13667160248411533,identical
uniform,500,12.0,1,7429388243542810954,True,1,33,35,10,50,8.191458966508957,0.144,0.13547007892339485,identical
uniform,500,12.0,2,41527316612196315,True,1,32.568,34,8,48,8.149685638108995,0.14,0.14019607892415262,identical
uniform,500,12.0,3,242959424616568226,True,1,31.72,32,11,51,7.517020686415596,0.14,0.13535369748724993,identical
uniform,500,12.0,4,590923131676639474,True,1,32.752,34,7,53,8.780574924229052,0.146,0.13856512766793913,identical
uniform,500,12.0,5,7258065449415871817,True,1,32.504,32,13,55,8.797157722810239,0.154,0.1410238161175853,identical
uniform,500,12.0,6,8510384144912668874,True,1,33.008,33,7,51,9.005106107092795,0.144,0.1305429119858485,identical
uniform,500,12.0,7,3848020071078881523,True,1,32.088,33,5,47,7.686628389612707,0.14,0.14394453400167115,identical
uniform,500,12.0,8,6037541539666852334,True,1,32.032,32.5,9,55,7.749514565442145,0.152,0.13624790411138255,identical
uniform,500,12.0,9,5295518921017635989,True,1,32.156,33,9,49,7.954600178513059,0.154,0.1379157726148382,identical
uniform,500,12.0,10,1881947394982165537,True,1,33.252,35,9,50,8.644795891170597,0.132,0.13382668137187212,identical
uniform,500,12.0,11,8591988449811785345,True,1,32.132,33,9,51,7.41259576666636,0.156,0.1338073905056964,identical
uniform,500,12.0,12,2377915807625524097,True,1,32.184,33,11,51,7.595139498389744,0.152,0.1314665892857345,identical
uniform,500,12.0,13,2106936897595463125,True,1,32.6,33,8,51,8.754198992483552,0.134,0.14618229816477507,identical
uniform,500,12.0,14,1055832516006572833,True,1,34.128,34,7,55,10.52670964736845,0.156,0.13946203478222913,identical
uniform,500,12.0,15,7814683611642610182,True,1,33.044,34,7,52,7.72748756064997,0.148,0.1413189745440857,identical
uniform,500,12.0,16,7456182983968532184,True,1,32.892,35,8,48,8.254473696123817,0.136,0.1439126673438244,identical
uniform,500,12.0,17,4014383109404079507,True,1,33.02,33,13,60,10.033922463324098,0.16,0.1338701797013253,identical
uniform,500,12.0,18,1847321592408817542,True,1,32.32,33,7,52,8.02829994457108,0.15,0.13584142878289923,identical
uniform,500,12.0,19,8791153942858205911,True,1,32.24,33,14,47,7.403674763251011,0.14,0.13261904201093938,identical
uniform,500,12.0,20,990956137285068524,True,1,33.268,34,7,55,9.176065387735607,0.144,0.13742672164817446,identical
uniform,500,12.0,21,8986343312066002162,True,1,33.06,33,6,56,8.867040092387086,0.146,0.1337915393570892,identical
uniform,500,12.0,22,2659354050622955150,True,1,34.62,37,7,52,10.020359274996084,0.138,0.1339825285757365,identical
uniform,500,12.0,23,1129766556928770616,True,1,32.844,34,11,50,8.516552354092584,0.136,0.14647207292688816,identical
uniform,1000,5.0,0,6444068572529889869,True,1,14.828,15,3,29,4.274624661885537,0.202,0.20974707773635826,identical
uniform,1000,5.0,1,7746176934556979468,False,2,14.976,15,0,30,4.578801589935953,0.195,0.20811968182604076,identical
uniform,1000,5.0,2,4856722856220441221,True,1,14.576,15,2,28,4.049719002597594,0.2,0.21643920302680383,identical
uniform,1000,5.0,3,8627149029711015487,True,1,15.072,15,1,29,4.405997730367096,0.202,0.20927517246062152,identical
uniform,1000,5.0,4,496655674996684417,True,1,14.746,15,2,26,4.315030011483119,0.202,0.20489746664258224,identical
uniform,1000,5.0,5,9145872841896386511,True,1,14.576,14,1,28,4.16776006986967,0.198,0.21703994792143622,identical
uniform,1000,5.0,6,6670019309342860619,True,1,14.968,15,2,28,4.323537440568778,0.196,0.20828521584086737,identical
uniform,1000,5.0,7,536071800864339188,True,1,14.62,14,2,29,4.350816015415961,0.204,0.2130769167740759,identical
uniform,1000,5.0,8,7710496097150083610,True,1,14.53,14,4,30,4.175775377100645,0.201,0.22480652872358084,identical
uniform,1000,5.0,9,531078998222774161,True,1,14.702,15,2,28,4.277288393363271,0.204,0.2096266032784316,identical
uniform,1000,5.0,10,764804277010025791,True,1,14.946,15,2,28,4.316837268186053,0.204,0.20829227833633135,identical
uniform,1000,5.0,11,2264748474393760632,True,1,14.952,15,1,32,4.498188079660513,0.195,0.2186443099846513,identical
uniform,1000,5.0,12,579105410939841718,True,1,14.388,14,4,30,4.364109989448019,0.198,0.21956841004257882,identical
uniform,1000,5.0,13,2194227136620850768,True,1,14.576,15,3,26,3.9064336676820837,0.201,0.2104755424125314,identical
uniform,1000,5.0,14,453458830315114094,True,1,15.002,15,2,33,4.9018359825681665,0.2,0.21471526403678481,identical
uniform,1000,5.0,15,8950340971132567643,True,1,14.962,15,4,31,4.656238395958694,0.203,0.20003204765651342,identical
uniform,1000,5.0,16,3083535352185764433,True,1,14.936,15,1,33,4.539592933292591,0.209,0.21216023911740803,identical
uniform,1000,5.0,17,6532187181020227678,True,1,14.596,15,2,25,3.982559980715939,0.208,0.2137027171063184,identical
uniform,1000,5.0,18,245648488210295932,True,1,14.85,15,3,35,4.901581377473999,0.197,0.21267988737918084,identical
uniform,1000,5.0,19,2037313246369538437,True,1,14.418,14,3,26,3.951869937131035,0.189,0.2178216322372967,identical
uniform,1000,5.0,20,282774153684858057,False,2,14.624,15,0,26,3.943427950400514,0.188,0.21809258558051414,identical
uniform,1000,5.0,21,8379833813960825918,True,1,14.742,15,2,28,4.06859140243893,0.196,0.20176222958454818,identical
uniform,1000,5.0,22,8143838521168892664,True,1,14.528,14,2,26,4.08866922115252,0.194,0.21861454996822316,identical
uniform,1000,5.0,23,1998902299948050123,True,1,14.788,15,2,26,4.183904396613278,0.191,0.2216147924857524,identical
uniform,1000,8.0,0,3029582662938316329,True,1,23.888,24,6,43,6.941286336119556,0.185,0.16085271155161895,identical
uniform,1000,8.0,1,6418854517415338393,True,1,22.922,23,5,38,5.819099243010039,0.187,0.1661184699135253,identical
uniform,1000,8.0,2,8776587088086309098,True,1,23.268,24,5,36,5.495104730576076,0.175,0.16116550820963882,identical
uniform,1000,8.0,3,8881858701429833864,True,1,23.578,24,5,48,6.609078301851168,0.196,0.1635861509930303,identical
uniform,1000,8.0,4,4729852910772928250,True,1,22.99,23,6,38,5.923672847144752,0.194,0.1695877893946745,identical
uniform,1000,8.0,5,3345001910218285422,True,1,23.484,24,3,42,6.50228759745368,0.173,0.16544161440637603,identical
uniform,1000,8.0,6,6705316224521940940,True,1,23.554,24,5,40,6.0147388970760955,0.184,0.1634370816840668,identical
uniform,1000,8.0,7,2436440069605441914,True,1,23.386,24,6,38,5.890246514365926,0.179,0.16344497826225093,identical
uniform,1000,8.0,8,1103137494407412419,True,1,23.006,23,6,44,5.901352726282345,0.179,0.16536618324594685,identical
uniform,1000,8.0,9,2162786012820739301,True,1,23.13,23,6,40,5.838244599192465,0.183,0.17033389514936728,identical
uniform,1000,8.0,10,1363321901304125687,True,1,23.35,24,6,40,6.677087688506128,0.182,0.16757554206197053,identical
uniform,1000,8.0,11,4811981926413590502,True,1,23.904,24,4,42,6.766888797667649,0.188,0.16225856233813177,identical
uniform,1000,8.0,12,7907694687047785418,True,1,23.688,24,4,37,6.187297956297246,0.183,0.16714150183417248,identical
uniform,1000,8.0,13,8338509248458112769,True,1,23.098,23,5,38,6.134198888200459,0.187,0.16666288151035002,identical
uniform,1000,8.0,14,2837321604040261923,True,1,23.506,23.5,4,38,6.2493170826899185,0.182,0.16726671214672773,identical
uniform,1000,8.0,15,3919531802440550143,True,1,23.47,24,6,43,6.060123761112474,0.19,0.1742981582861922,identical
uniform,1000,8.0,16,8073939699199546076,True,1,22.904,23,6,38,5.834448045873742,0.18,0.16460481665301718,identical
uniform,1000,8.0,17,7069817213280629181,True,1,22.932,23,3,38,5.500125089486594,0.174,0.17241869553144867,identical
uniform,1000,8.0,18,4240455357255628541,True,1,22.838,23,7,40,5.699627707140179,0.178,0.1648088770328135,identical
uniform,1000,8.0,19,1536524289862559120,True,1,23.004,23,5,34,5.350699393537264,0.185,0.16763857330461537,identical
uniform,1000,8.0,20,3006710394222225827,True,1,23.296,23,4,39,6.138760786999282,0.176,0.17487085114731,identical
uniform,1000,8.0,21,6416597936118760668,True,1,23.234,24,5,36,5.663854164789195,0.185,0.16460666249420464,identical
uniform,1000,8.0,22,2590519147791850787,True,1,23.326,24,4,43,5.841037921465656,0.177,0.17263333546904822,identical
uniform,1000,8.0,23,2319444724552102953,True,1,23.232,23,5,42,5.757792632597978,0.18,0.16355534205390404,identical
uniform,1000,12.0,0,3348116267496157853,True,1,34.582,35,3,57,8.073863759068514,0.184,0.1363685040832599,identical
uniform,1000,12.0,1,4152646199475549731,True,1,34.332,36,8,53,8.190102319263168,0.167,0.13877769949802393,identical
uniform,1000,12.0,2,2360957177759492021,True,1,33.032,34,10,48,7.1596770876904765,0.17,0.1424373833917455,identical
uniform,1000,12.0,3,1485690471551179435,True,1,34.032,35,8,52,7.684983799592552,0.174,0.14463441119913462,identical
uniform,1000,12.0,4,8972290158803057611,True,1,35.234,36,5,59,9.456280664193514,0.183,0.13796628453474774,identical
uniform,1000,12.0,5,8648927306683734999,True,1,34.01,35,9,52,7.797429063479837,0.182,0.13705514381755107,identical
uniform,1000,12.0,6,3898468716897876430,True,1,33.606,34,11,54,7.451494078371127,0.175,0.13059803741891893,identical
uniform,1000,12.0,7,1417207799866982626,True,1,35.178,36,8,55,8.659232991437543,0.183,0.1314240075274476,identical
uniform,1000,12.0,8,7611792034007488440,True,1,34.044,35,11,55,7.801414230766108,0.173,0.1312838122915987,identical
uniform,1000,12.0,9,5871546278392439765,True,1,33.968,35,10,55,8.340202395625663,0.19,0.13365639797723528,identical
uniform,1000,12.0,10,6962333270512801164,True,1,34.55,35,9,54,7.967402337023016,0.182,0.1376180890828121,identical
uniform,1000,12.0,11,4162645277968588107,True,1,34.206,35,8,60,8.600556028536747,0.189,0.13761902690772457,identical
uniform,1000,12.0,12,1368146457201859832,True,1,34.54,35,8,55,8.454726488775378,0.193,0.13510356288307063,identical
uniform,1000,12.0,13,4950891322460169800,True,1,34.608,36,10,53,8.579996270395446,0.181,0.13224894876275606,identical
uniform,1000,12.0,14,9092991387936904451,True,1,33.994,34,9,57,8.047357578733536,0.177,0.14090180258306545,identical
uniform,1000,12.0,15,5822567142593985341,True,1,34.312,35,7,60,8.92147162748389,0.182,0.13306297020751043,identical
uniform,1000,12.0,16,5274705751607161200,True,1,34.632,35,8,55,8.066261587625338,0.184,0.1318711111804399,identical
uniform,1000,12.0,17,1678508070674631782,True,1,34.184,35,8,53,8.102601063855978,0.175,0.13604285046199882,identical
uniform,1000,12.0,18,8409114103307697103,True,1,33.968,35,6,55,7.74770779004991,0.18,0.13522923793717792,identical
uniform,1000,12.0,19,7657599808659798521,True,1,34.122,35,8,54,7.851058272615219,0.176,0.13869434099399058,identical
uniform,1000,12.0,20,8618745769995220592,True,1,34.212,35,10,55,8.153714245667425,0.179,0.13318944171555328,identical
uniform,1000,12.0,21,346525678719200694,True,1,33.444,34,11,52,7.544459158879451,0.174,0.13756073731889856,identical
uniform,1000,12.0,22,2767919202677680832,True,1,33.266,34,11,50,7.138154103127785,0.175,0.13766181906957514,identical
uniform,1000,12.0,23,1089767845815332947,True,1,34.346,35,10,56,7.833280538829171,0.181,0.12547493090890682,identical
uniform,2000,5.0,0,8868290934689538122,True,1,15.093,15,2,29,4.075211773638264,0.1785,0.20976490277121734,identical
uniform,2000,5.0,1,8551781421556530698,True,1,15.027,15,1,27,4.127744056987993,0.1775,0.2112876397173171,identical
uniform,2000,5.0,2,4506004382450641184,True,1,14.87,15,3,30,4.2838183901748215,0.1775,0.20492855203814136,identical
uniform,2000,5.0,3,8839415346565056726,True,1,15.003,15,3,27,4.125650372971498,0.1805,0.21335959891154938,identical
uniform,2000,5.0,4,6276986603810104679,True,1,15.223,15,2,33,4.5229714790168405,0.1815,0.21225559177553666,identical
uniform,2000,5.0,5,1929730149016494864,True,1,15.119,15,2,29,4.435294691449486,0.1855,0.21611934579511238,identical
uniform,2000,5.0,6,2276886953126531458,True,1,14.876,15,2,28,3.8603916899713697,0.1805,0.20772124284292973,identical
uniform,2000,5.0,7,3002915951608862742,True,1,15.431,15,1,33,4.808454949357436,0.189,0.2081729446912705,identical
uniform,2000,5.0,8,6436148917073952158,True,1,14.764,15,2,29,3.916925324792388,0.1745,0.2151578227968678,identical
uniform,2000,5.0,9,1424223442868262022,True,1,15.094,15,2,27,4.207275127680625,0.187,0.21141642876886055,identical
uniform,2000,5.0,10,5372683605929408026,True,1,15.109,15,3,29,4.086822604420211,0.18,0.21605821287444904,identical
uniform,2000,5.0,11,7764644080288204442,True,1,15,15,2,29,4.1018288603987365,0.1845,0.21950758096106682,identical
uniform,2000,5.0,12,63691666610217213,True,1,15.275,15,2,30,4.558659342394439,0.183,0.20560035303144902,identical
uniform,2000,5.0,13,806284749873277374,True,1,14.739,15,1,28,4.057324118184289,0.1795,0.2138253884355838,identical
uniform,2000,5.0,14,8104872437223734715,True,1,15.054,15,3,30,4.251833016476551,0.1795,0.2139885250858813,identical
uniform,2000,5.0,15,8721796437522874856,False,2,15.2,15,0,30,4.171210855375218,0.19,0.20634064297390126,identical
uniform,2000,5.0,16,1287728201407204584,True,1,14.952,15,2,29,4.048789448711789,0.1825,0.21639343229921926,identical
uniform,2000,5.0,17,6153354140307040446,True,1,15.046,15,3,30,4.1564268308247625,0.183,0.2029153389846617,identical
uniform,2000,5.0,18,2474364401870188698,True,1,14.859,15,2,30,4.223993252835523,0.1825,0.20734064518345985,identical
uniform,2000,5.0,19,4774855961808734370,True,1,15.079,15,1,29,4.36677901891084,0.1865,0.20077179762237227,identical
uniform,2000,5.0,20,7009466051870696610,True,1,15.12,15,2,29,4.395975432142452,0.1825,0.20879183589553668,identical
uniform,2000,5.0,21,1136448790990003052,True,1,15.106,15,3,31,4.23577194853547,0.189,0.2099494017356064,identical
uniform,2000,5.0,22,5277134269435878181,True,1,15.184,15,1,28,4.408644236043538,0.184,0.20602022958215388,identical
uniform,2000,5.0,23,2552037746616984044,True,1,14.827,15,2,28,3.9078217717802857,0.1895,0.21278512193672217,identical
uniform,2000,8.0,0,5698801376895797864,True,1,23.633,24,6,40,5.376086959862164,0.162,0.16406464721569097,identical
uniform,2000,8.0,1,6534493588196224028,True,1,23.914,24,5,41,5.881122681937531,0.157,0.16647456559512444,identical
uniform,2000,8.0,2,1765909078049324007,True,1,23.803,24,6,44,5.838594950842173,0.1655,0.16751014502880635,identical
uniform,2000,8.0,3,2411656905006784155,True,1,23.929,24,3,38,5.549771076359804,0.171,0.16459175870159404,identical
uniform,2000,8.0,4,9136091278596989010,True,1,24.072,24,3,46,5.817114061113163,0.1585,0.16639644131964434,identical
uniform,2000,8.0,5,779034790735282792,True,1,23.895,24,7,44,5.849869656667578,0.168,0.16704768734146236,identical
uniform,2000,8.0,6,1115457678835157698,True,1,23.406,24,3,41,5.28565643983792,0.1615,0.17125078779234945,identical
uniform,2000,8.0,7,8604512455151433816,True,1,24.057,24,5,42,5.983289312744281,0.166,0.16727744712772485,identical
uniform,2000,8.0,8,1674597352475739332,True,1,23.72,24,4,39,5.4673210990392755,0.1555,0.1713964328213413,identical
uniform,2000,8.0,9,7174110749836846744,True,1,23.668,24,2,38,5.335145358844492,0.1565,0.1719972514899542,identical
uniform,2000,8.0,10,155659955653636438,True,1,23.763,24,6,38,5.288556608376238,0.166,0.1685957851323353,identical
uniform,2000,8.0,11,7411778123289191398,True,1,23.881,24,4,43,5.915897142445911,0.1645,0.1705548438600108,identical
uniform,2000,8.0,12,6888125521519805940,True,1,23.847,24,1,40,5.72464767474821,0.1615,0.16772162498330234,identical
uniform,2000,8.0,13,2668003584084286220,True,1,23.883,24,3,43,6.056674912854415,0.168,0.16915891306686204,identical
uniform,2000,8.0,14,8500625429986059897,True,1,23.601,24,7,43,5.722481891627089,0.1635,0.1664549071145294,identical
uniform,2000,8.0,15,8396272732831627199,True,1,23.9,24,3,42,5.760555528766322,0.16,0.16574473535249268,identical
uniform,2000,8.0,16,2456647608657164368,True,1,23.678,24,5,40,5.655114145620803,0.1645,0.17271976523568083,identical
uniform,2000,8.0,17,1561421173679179921,True,1,23.594,24,5,38,5.505739187429794,0.163,0.17282950211441284,identical
uniform,2000,8.0,18,7384459397045657890,True,1,23.98,24,5,39,5.764165160714949,0.167,0.17157523869088875,identical
uniform,2000,8.0,19,2611893774929107077,True,1,23.488,24,4,40,5.76800277392445,0.1645,0.17235440689904913,identical
uniform,2000,8.0,20,705097051455533086,True,1,23.541,24,6,39,5.505208352097131,0.1625,0.17413672225193672,identical
uniform,2000,8.0,21,8122541464675220882,True,1,23.925,24,6,40,5.896301807065155,0.1685,0.16617252023518886,identical
uniform,2000,8.0,22,5449446655093769517,True,1,23.653,24,5,41,5.755396684851522,0.1655,0.16392441653892836,identical
uniform,2000,8.0,23,8488217873834023103,True,1,23.979,24,6,42,6.244882624997856,0.1675,0.1637649466521381,identical
uniform,2000,12.0,0,6483111858875373881,True,1,35.367,36,9,58,7.974792222998674,0.1455,0.1327495999100553,identical
uniform,2000,12.0,1,96466436001554166,True,1,35.639,36,9,58,8.187104433192482,0.137,0.13530869706783996,identical
uniform,2000,12.0,2,8730907663211860876,True,1,35.126,36,11,52,7.42880367219379,0.1495,0.13486226068306015,identical
uniform,2000,12.0,3,3458323503879621502,True,1,34.848,36,11,56,7.535708062285855,0.1465,0.13959918187068454,identical
uniform,2000,12.0,4,3825077944849152086,True,1,34.937,35,8,57,7.838815663096046,0.147,0.13498916140171485,identical
uniform,2000,12.0,5,216728017529776212,True,1,35.463,36,7,54,7.782777845987885,0.1465,0.1380493582342124,identical
uniform,2000,12.0,6,4542981669215558153,True,1,34.96,35,10,55,7.2595729901971575,0.1465,0.1350014370697537,identical
uniform,2000,12.0,7,7655365738875100185,True,1,35.249,35,9,59,8.077375749586007,0.149,0.1330327004165914,identical
uniform,2000,12.0,8,4247908566771655756,True,1,35.39,36,10,57,8.201944891304748,0.144,0.13380037311496035,identical
uniform,2000,12.0,9,3407808330094416980,True,1,34.606,36,5,54,7.278857327905257,0.139,0.13533830093336063,identical
uniform,2000,12.0,10,5239522995902054781,True,1,34.979,36,11,54,7.582055064426804,0.146,0.1349344184938743,identical
uniform,2000,12.0,11,2444346336403068049,True,1,35.063,35,8,60,7.87527974106316,0.148,0.13677300291268335,identical
uniform,2000,12.0,12,2151319109814799372,True,1,35.288,36,10,58,8.004314836386692,0.1465,0.13882794555525352,identical
uniform,2000,12.0,13,7292450624093655721,True,1,35.184,36,11,55,7.6898728207949,0.1395,0.13599687645838346,identical
uniform,2000,12.0,14,3960404715218035475,True,1,34.933,35,8,59,7.562771383560397,0.1455,0.1361394538017363,identical
uniform,2000,12.0,15,5048852478298162876,True,1,35.058,35,12,62,7.518818790208977,0.1515,0.14133056492130736,identical
uniform,2000,12.0,16,2786627138647925822,True,1,35.215,36,9,56,7.379483383001824,0.1455,0.13785598891088427,identical
uniform,2000,12.0,17,2765033403707761535,True,1,35.218,35,8,60,8.021438524354602,0.153,0.13506106061304324,identical
uniform,2000,12.0,18,5459915910630415013,True,1,34.956,36,9,55,7.390403507251813,0.149,0.137840833809093,identical
uniform,2000,12.0,19,5088700975591405599,True,1,35.161,35,11,58,7.723022659554943,0.148,0.13486010290734973,identical
uniform,2000,12.0,20,8738093209234657070,True,1,35.248,35,10,60,7.965707501534307,0.1585,0.1313389790160091,identical
uniform,2000,12.0,21,93832856310124407,True,1,35.23,36,5,53,7.562678097076455,0.1495,0.13931668452093238,identical
uniform,2000,12.0,22,1562596503531341147,True,1,35.047,36,10,55,7.023018652972515,0.149,0.13429687976908578,identical
uniform,2000,12.0,23,6349311938951025542,True,1,34.856,35,9,54,6.962417970791501,0.147,0.13730354157388408,identical
uniform,5000,5.0,0,5252709323349140760,True,1,15.1528,15,3,29,3.847525459304956,0.1834,0.21192900944694382,identical
uniform,5000,5.0,1,3218494123265950936,True,1,15.322,15,2,29,4.166187225749813,0.187,0.21119540739663528,identical
uniform,5000,5.0,2,3428593810942771834,True,1,15.2744,15,2,31,4.09481435965052,0.1846,0.21292851134118873,identical
uniform,5000,5.0,3,5625399122101782798,True,1,15.3116,15,1,27,3.9724180847437878,0.1856,0.21202735611530554,identical
uniform,5000,5.0,4,5082065091418013244,True,1,15.3236,15,3,31,4.290044643124356,0.185,0.20945172062329473,identical
uniform,5000,5.0,5,1006536084719044890,True,1,15.3692,15,2,29,4.0559698420969665,0.1882,0.20943435030575625,identical
uniform,5000,5.0,6,2632701742791019511,True,1,15.3248,15,2,32,4.2687357566380095,0.1886,0.20918999145011952,identical
uniform,5000,5.0,7,5111028043719973041,True,1,15.4364,15,3,30,4.259431304763583,0.1906,0.20885016434631337,identical
uniform,5000,5.0,8,2391494245654735235,True,1,15.422,15,2,34,4.324756178098371,0.1878,0.20904924635790423,identical
uniform,5000,5.0,9,64507621639516680,True,1,15.1656,15,2,28,3.87078501598837,0.1866,0.2116770522196061,identical
uniform,5000,5.0,10,7894958115796251319,True,1,15.3836,15,2,30,4.308787653157188,0.1952,0.21358089258847265,identical
uniform,5000,5.0,11,3981037210647727239,True,1,15.1796,15,3,29,4.0897608536441385,0.1822,0.21606470176766096,identical
uniform,5000,5.0,12,6195656063074184565,False,2,15.3004,15,1,33,4.193347092717375,0.1846,0.2047168533167396,identical
uniform,5000,5.0,13,1769917186180861110,True,1,15.2848,15,2,30,4.1304344759359095,0.187,0.21340357751965,identical
uniform,5000,5.0,14,1842279310251027082,True,1,15.2844,15,1,30,4.1065212333555525,0.1838,0.20939783212452995,identical
uniform,5000,5.0,15,7101968654549591922,True,1,15.1848,15,3,34,4.15204154121804,0.1834,0.21308624350142413,identical
uniform,5000,5.0,16,1715092298118411460,True,1,15.3064,15,2,31,4.154481801620964,0.1814,0.21313623859207487,identical
uniform,5000,5.0,17,6084995592815109761,True,1,15.2416,15,1,30,4.169751724023846,0.1902,0.2121788355496386,identical
uniform,5000,5.0,18,1291145106998463526,True,1,15.3152,15,3,35,4.176008735622991,0.1824,0.2124162097881625,identical
uniform,5000,5.0,19,5938665397827748864,True,1,15.2868,15,2,30,4.325291407523887,0.1878,0.21012875609908416,identical
uniform,5000,5.0,20,1979616477305793935,True,1,15.3648,15,1,35,4.382707035611684,0.187,0.21003646243710797,identical
uniform,5000,5.0,21,7758290311351755667,True,1,15.2976,15,1,30,4.2147163890349635,0.1852,0.21272557754262322,identical
uniform,5000,5.0,22,8103846491223506411,True,1,15.3084,15,3,32,4.261324845631957,0.1886,0.21089107854756278,identical
uniform,5000,5.0,23,4789514880613418109,True,1,15.3156,15,2,32,4.165908861221051,0.1866,0.20835629462008967,identical
uniform,5000,8.0,0,4057195737984786868,True,1,24.162,24,4,42,5.23909877746163,0.1656,0.16847005467505027,identical
uniform,5000,8.0,1,4564845811497483776,True,1,24.4676,25,5,41,5.662274299254717,0.1676,0.16480655124469545,identical
uniform,5000,8.0,2,9119397561050121900,True,1,24.4376,24,4,49,5.473107548733134,0.1656,0.1660581230575856,identical
uniform,5000,8.0,3,4701456806431841463,True,1,24.3612,24,4,43,5.606740100985594,0.168,0.16367339669298564,identical
uniform,5000,8.0,4,9188062161549047419,True,1,24.2184,24,5,43,5.270398603521398,0.1648,0.16503961854987576,identical
uniform,5000,8.0,5,3846557152163797628,True,1,24.2084,24,5,42,5.401052623331865,0.1594,0.17066675250394214,identical
uniform,5000,8.0,6,3242316890663565873,True,1,24.3716,25,5,43,5.43594641621859,0.161,0.1641936831686987,identical
uniform,5000,8.0,7,3772710234086977991,True,1,24.1872,24,3,45,5.577289320090991,0.162,0.16725911250357609,identical
uniform,5000,8.0,8,9032677523660199020,True,1,24.1832,24,5,43,5.439672578381885,0.1616,0.1669982956212614,identical
uniform,5000,8.0,9,4539442086321621886,True,1,24.172,24,5,44,5.372263582513412,0.1624,0.1663623598395502,identical
uniform,5000,8.0,10,2143844312933283467,True,1,24.4128,25,2,47,5.769055049139335,0.1646,0.1661638228325187,identical
uniform,5000,8.0,11,8243107173694651236,True,1,24.11,24,5,41,5.16789125272583,0.1652,0.16530442143165214,identical
uniform,5000,8.0,12,852879646794115577,True,1,24.2724,24,6,42,5.424333898277272,0.166,0.16551524286480074,identical
uniform,5000,8.0,13,1867331930890716749,True,1,24.342,24,4,48,5.7365700553553545,0.1642,0.16705194860485983,identical
uniform,5000,8.0,14,7131659808055481719,True,1,24.2944,24,6,42,5.488435901055995,0.1654,0.16847892441568416,identical
uniform,5000,8.0,15,7138439217539716390,True,1,24.388,24,5,41,5.639029703769957,0.1684,0.1680792379961513,identical
uniform,5000,8.0,16,3062361731492222814,True,1,24.0396,24,5,42,5.239010578344008,0.1632,0.16566242665215103,identical
uniform,5000,8.0,17,7379455323779950776,True,1,24.36,24,2,43,5.683590414517917,0.17,0.1698463307440971,identical
uniform,5000,8.0,18,9032056009594695698,True,1,24.3688,25,5,41,5.7317001456810175,0.1668,0.1696766357049871,identical
uniform,5000,8.0,19,6590861806549192800,True,1,24.0436,24,5,44,5.279403284463087,0.166,0.16884233759362752,identical
uniform,5000,8.0,20,2761897260415834516,True,1,24.2764,24,4,43,5.564566743242427,0.166,0.16505863979645508,identical
uniform,5000,8.0,21,7575388514940219270,True,1,24.3908,24,2,41,5.530576403956415,0.1676,0.16754718934097595,identical
uniform,5000,8.0,22,1555056761595492871,True,1,24.2936,25,4,40,5.452724001817783,0.1632,0.16361672263057797,identical
uniform,5000,8.0,23,485411228566264424,True,1,24.18,24,4,42,5.234691968014832,0.1646,0.16821205153704943,identical
uniform,5000,12.0,0,9075368061565693429,True,1,36.172,36,9,63,7.281539397682322,0.1596,0.13630044028317087,identical
uniform,5000,12.0,1,357181951363388707,True,1,36.1012,36,8,62,7.424025765041504,0.1654,0.1343645926869735,identical
uniform,5000,12.0,2,5588181464236257739,True,1,35.802,36,10,55,6.9019124885788266,0.1552,0.13807142617484927,identical
uniform,5000,12.0,3,2463674879474115191,True,1,36.45,37,9,61,7.552979544524202,0.1622,0.13552436612841268,identical
uniform,5000,12.0,4,2592308109659826325,True,1,36.1172,37,7,56,7.113667419833469,0.1598,0.1355886415184313,identical
uniform,5000,12.0,5,5881721409472918377,True,1,36.282,36,9,62,7.911919868148299,0.1618,0.1363211361144716,identical
uniform,5000,12.0,6,6266011196046192527,True,1,35.7684,36,8,56,6.681942938996077,0.1602,0.13783024700766247,identical
uniform,5000,12.0,7,3607470161631355773,True,1,35.8124,36,8,57,7.164859122132081,0.1556,0.13693783463341924,identical
uniform,5000,12.0,8,8290445564128977432,True,1,36.2356,36,7,63,7.232903472326833,0.1618,0.13762737397852545,identical
uniform,5000,12.0,9,301052241791576540,True,1,36.5088,36,10,67,7.966851483490862,0.1662,0.1316053064940807,identical
uniform,5000,12.0,10,5457873064237677864,True,1,36.284,37,7,58,6.96443421966224,0.1566,0.13504075487839468,identical
uniform,5000,12.0,11,7387737818679987988,True,1,35.9576,36,6,61,7.138193205566754,0.158,0.13688155428706866,identical
uniform,5000,12.0,12,6845553519726226507,True,1,36.0668,37,9,56,7.0414726982358005,0.1574,0.1365157623552224,identical
uniform,5000,12.0,13,5147711050428297853,True,1,36.2528,37,7,64,7.691117744515414,0.1606,0.13666904739809765,identical
uniform,5000,12.0,14,6300476995083401924,True,1,36.4052,37,5,63,7.403256915709493,0.1642,0.13609974928259627,identical
uniform,5000,12.0,15,154202723135180044,True,1,36.1464,37,5,57,7.099335675962952,0.1568,0.13385007587030456,identical
uniform,5000,12.0,16,535786195773797820,True,1,36.0008,36,8,59,7.074263167284641,0.1616,0.1354274907336151,identical
uniform,5000,12.0,17,8593720898992819042,True,1,36.5684,37,9,67,7.865451127557766,0.1668,0.13617971867720818,identical
uniform,5000,12.0,18,2684132020778683586,True,1,36.1276,36,7,57,7.311916181138839,0.1586,0.13680246355575904,identical
uniform,5000,12.0,19,8867455678960137289,True,1,36.0192,37,12,58,7.217148423026998,0.1552,0.1378921524721743,identical
uniform,5000,12.0,20,1593096940762336626,True,1,36.17,36,6,59,7.297335130032045,0.1624,0.13718085153265402,identical
uniform,5000,12.0,21,2596201527593406895,True,1,36.0688,36,8,59,7.1087317124786615,0.166,0.13610869850756613,identical
uniform,5000,12.0,22,1530056255929196285,True,1,36.0664,36,10,57,7.082993084847694,0.1602,0.13774121219594904,identical
uniform,5000,12.0,23,2068154592098699044,True,1,36.1108,37,3,59,7.046624962348972,0.1602,0.1366327246317363,identical
uniform,10000,5.0,0,5881629990445262302,True,1,15.4854,15,2,31,4.106164492564796,0.1861,0.21119109666051522,identical
uniform,10000,5.0,1,6292668735897004216,True,1,15.4404,15,2,29,4.08536997590183,0.1848,0.20900505999403823,identical
uniform,10000,5.0,2,3348407881669059224,True,1,15.5654,15,1,33,4.2700260935970915,0.1876,0.21008592434805626,identical
uniform,10000,5.0,3,4922527132893099236,True,1,15.3942,15,1,31,4.017363110300067,0.1867,0.212608788474562,identical
uniform,10000,5.0,4,7060023989662805939,True,1,15.5302,15,3,32,4.21477021437703,0.1883,0.2096105747643121,identical
uniform,10000,5.0,5,5867160808991237332,True,1,15.4084,15,2,34,4.064629065487039,0.1839,0.21188108611438938,identical
uniform,10000,5.0,6,8782329064816092601,True,1,15.335,15,2,34,4.02161348217352,0.1858,0.21243007063721664,identical
uniform,10000,5.0,7,7613226767294451891,True,1,15.3824,15,2,29,4.001296070025322,0.1848,0.21197360219860573,identical
uniform,10000,5.0,8,4260899779296246205,True,1,15.417,15,2,30,4.120256181355695,0.1882,0.20956493157649847,identical
uniform,10000,5.0,9,9070142581822632965,True,1,15.3594,15,2,31,4.097783747344425,0.1858,0.21075178489470636,identical
uniform,10000,5.0,10,8213797975216412195,True,1,15.3862,15,2,32,4.128734619711012,0.1831,0.2065635907648225,identical
uniform,10000,5.0,11,2070692298124506056,True,1,15.5044,15,2,32,4.17437188568533,0.1849,0.2081218278080742,identical
uniform,10000,5.0,12,2959519203154570238,True,1,15.394,15,2,32,3.9909853419925336,0.1839,0.21060482447036893,identical
uniform,10000,5.0,13,6085571009675572585,True,1,15.3396,15,1,31,3.9901217826026336,0.1846,0.20888273426239015,identical
uniform,10000,5.0,14,8297491166290491038,True,1,15.4308,15,1,30,4.0050232658499665,0.1847,0.2092129272994892,identical
uniform,10000,5.0,15,5235090287731699216,True,1,15.3586,15,1,30,4.047345554805021,0.1834,0.21232062877189903,identical
uniform,10000,5.0,16,5141329415683366318,True,1,15.3918,15,2,30,4.074419315681648,0.188,0.21091060789352467,identical
uniform,10000,5.0,17,1889448804473904317,True,1,15.2878,15,2,30,3.916729651124695,0.1854,0.2094333792092164,identical
uniform,10000,5.0,18,2161018995171472163,True,1,15.3624,15,2,31,4.121730976179655,0.1853,0.20863290326707876,identical
uniform,10000,5.0,19,4119657307940345452,True,1,15.4334,15,1,33,4.087048377496895,0.1843,0.2097485305777684,identical
uniform,10000,5.0,20,8548842477571015047,True,1,15.4486,15,2,33,4.080092896001259,0.1858,0.21002691970356863,identical
uniform,10000,5.0,21,886566978918993202,True,1,15.445,15,1,32,4.208274587048744,0.185,0.21041410417094802,identical
uniform,10000,5.0,22,6290978327334499866,False,2,15.2602,15,1,29,3.8101831924462695,0.1818,0.2113183310808691,identical
uniform,10000,5.0,23,2927544219390895203,True,1,15.3604,15,2,32,3.902372591129614,0.1824,0.2087883250248388,identical
uniform,10000,8.0,0,4540971384482870294,True,1,24.5366,24,3,43,5.3291707084686015,0.1697,0.16524593221837688,identical
uniform,10000,8.0,1,2117343136085463952,True,1,24.5002,24,6,44,5.396276490321775,0.1703,0.1659499784663652,identical
uniform,10000,8.0,2,4366883901155519098,True,1,24.4674,24,6,41,5.259822928578545,0.1689,0.16559675438867638,identical
uniform,10000,8.0,3,6536522740974334878,True,1,24.5826,25,5,46,5.561148913668786,0.1727,0.1652029856382661,identical
uniform,10000,8.0,4,3066265172404473249,True,1,24.5534,25,2,45,5.396975860609294,0.17,0.16767281344650653,identical
uniform,10000,8.0,5,2211289944277886026,True,1,24.6972,25,4,43,5.472103083824417,0.1711,0.16564479036176472,identical
uniform,10000,8.0,6,1713327538127952005,True,1,24.6228,24,1,46,5.704727877822063,0.1729,0.1672774711813746,identical
uniform,10000,8.0,7,2803211291166406933,True,1,24.6004,25,1,43,5.424621631044881,0.1688,0.16519158313485982,identical
uniform,10000,8.0,8,3020778943595917629,True,1,24.5042,24,5,50,5.400294654923926,0.1669,0.16650529985651225,identical
uniform,10000,8.0,9,340064266743322931,True,1,24.582,25,6,43,5.525185607742024,0.1689,0.16517954577471866,identical
uniform,10000,8.0,10,1698753020559480190,True,1,24.5994,24,5,44,5.620259748445809,0.1729,0.16592338914488658,identical
uniform,10000,8.0,11,6411423449673243382,True,1,24.6448,24,1,49,5.658571636022659,0.1699,0.16788076783851416,identical
uniform,10000,8.0,12,1333994488652340445,True,1,24.7358,25,3,45,5.688971643451915,0.1739,0.16541383575017088,identical
uniform,10000,8.0,13,128987735836763875,True,1,24.4658,25,3,45,5.367348540946429,0.1689,0.1657528463187426,identical
uniform,10000,8.0,14,6899204832282984485,True,1,24.5748,24,3,46,5.553539858504626,0.1737,0.1668807142228621,identical
uniform,10000,8.0,15,4149753995016784534,True,1,24.4698,24,4,43,5.330317810412421,0.1696,0.1644873727569113,identical
uniform,10000,8.0,16,3605732432616752232,True,1,24.5796,24,6,44,5.5444263761006445,0.1697,0.1641979876020102,identical
uniform,10000,8.0,17,3239272859692479399,True,1,24.4692,25,4,43,5.26042311606207,0.1663,0.16990958204713197,identical
uniform,10000,8.0,18,8986635995489195500,True,1,24.5116,25,5,42,5.313441957902582,0.1696,0.16648823327058238,identical
uniform,10000,8.0,19,3475066665144625093,True,1,24.535,25,4,44,5.311871139250282,0.1704,0.1668849937579871,identical
uniform,10000,8.0,20,4218257927934879387,True,1,24.5574,25,4,47,5.414841201734395,0.1701,0.1642558964924841,identical
uniform,10000,8.0,21,3325031635566335750,True,1,24.4094,24,6,43,5.220937812309179,0.1705,0.16762220601484082,identical
uniform,10000,8.0,22,1859660172541994104,True,1,24.5104,24,5,45,5.345230756477982,0.1686,0.16620044258360517,identical
uniform,10000,8.0,23,9058893223802631731,True,1,24.422,24,6,46,5.263013965400464,0.1676,0.16699002172661806,identical
uniform,10000,12.0,0,3225361961220153507,True,1,36.4962,37,10,58,6.842016191152968,0.1514,0.13668098841384996,identical
uniform,10000,12.0,1,7636039029141975008,True,1,36.7012,37,4,64,7.07346580962968,0.1523,0.13509325563426056,identical
uniform,10000,12.0,2,7879210047897003101,True,1,36.724,37,5,61,7.16776283089786,0.1543,0.13547989229204266,identical
uniform,10000,12.0,3,110554792788961753,True,1,36.439,37,8,59,6.695153396300889,0.1517,0.13482062029582834,identical
uniform,10000,12.0,4,4168693201823504553,True,1,36.7388,37,7,62,7.222269349726502,0.1549,0.13474676226275212,identical
uniform,10000,12.0,5,4439478393803338445,True,1,36.6622,37,9,61,7.106834116538818,0.156,0.13638821519363728,identical
uniform,10000,12.0,6,8229390203713912790,True,1,36.5076,37,8,58,6.795023343594864,0.1553,0.13566394447167512,identical
uniform,10000,12.0,7,5654841500545177616,True,1,36.541,37,6,61,7.184060063780075,0.1551,0.13546163211315188,identical
uniform,10000,12.0,8,3802872292927372798,True,1,36.7244,37,8,58,7.081288346056859,0.1526,0.13673859745573255,identical
uniform,10000,12.0,9,3628781694011733959,True,1,36.56,37,7,63,7.161675781547258,0.1524,0.13626354412827985,identical
uniform,10000,12.0,10,6558137626762828851,True,1,36.6016,37,10,61,6.922577369737351,0.1557,0.13656715860408306,identical
uniform,10000,12.0,11,337468143216878036,True,1,36.5578,37,9,60,7.145016386265318,0.1586,0.1354286198549846,identical
uniform,10000,12.0,12,110032503083717801,True,1,36.6042,37,9,61,7.1241941551308186,0.1526,0.13488763343001467,identical
uniform,10000,12.0,13,2101702309492180341,True,1,36.7314,37,11,69,7.265827828953837,0.157,0.13737274551257123,identical
uniform,10000,12.0,14,3141106605847312555,True,1,36.5778,37,10,64,7.29676278633219,0.1553,0.136771278484891,identical
uniform,10000,12.0,15,1195028382766562681,True,1,36.5846,37,10,57,7.1260538055784695,0.1559,0.13441504746860775,identical
uniform,10000,12.0,16,4249811787202679626,True,1,36.4716,37,8,56,6.51559616919281,0.1537,0.1359370795434075,identical
uniform,10000,12.0,17,7715790640143194113,True,1,36.6598,37,6,64,7.050465513708955,0.1531,0.1364257230001624,identical
uniform,10000,12.0,18,5328009823156258112,True,1,36.538,37,7,59,6.997496409430762,0.1529,0.13578460530891256,identical
uniform,10000,12.0,19,2097214486196188895,True,1,36.4338,37,10,59,6.869673759357255,0.1536,0.13555738777017406,identical
uniform,10000,12.0,20,4537242749752897495,True,1,36.251,37,9,57,6.60336270395623,0.1512,0.1369910110396138,identical
uniform,10000,12.0,21,8383670434425843328,True,1,36.7132,37,8,68,7.266453451306207,0.154,0.13532445373150542,identical
uniform,10000,12.0,22,1648562826939440985,True,1,36.5804,37,10,62,6.936017289482469,0.1537,0.13453688065256178,identical
uniform,10000,12.0,23,8175240132668216953,True,1,36.4202,36,10,63,6.76371436120719,0.1564,0.13483012990090862,identical
dumbbell,500,5.0,0,4255867444747486481,True,1,13.512,13,2,26,4.163875118204192,0.196,0.22388153283726975,identical
dumbbell,500,5.0,1,7728727783207309069,True,1,13.72,14,2,28,4.878278384840291,0.19,0.20450284666339635,identical
dumbbell,500,5.0,2,6568456424363611644,True,1,13.248,13,2,24,4.135516412734933,0.2,0.22723317602758286,identical
dumbbell,500,5.0,3,4050818595614618025,False,2,13.716,14,0,25,4.615121233510555,0.198,0.2134500950556866,identical
dumbbell,500,5.0,4,8554712202379811689,True,1,13.64,14,2,28,4.454480890070133,0.208,0.21698021738924866,identical
dumbbell,500,5.0,5,551700119061268432,True,1,13.988,14,3,30,4.869071369368091,0.206,0.21675213617605438,identical
dumbbell,500,5.0,6,2389207066294290681,False,2,14.024,15,3,24,4.534250103379831,0.202,0.20505668662625734,identical
dumbbell,500,5.0,7,156506019955115120,True,1,13.632,13,3,24,4.060120195265161,0.214,0.21049208134890102,identical
dumbbell,500,5.0,8,7584794605309513882,False,2,13.916,14,2,27,4.78465714550165,0.218,0.21456294139849827,identical
dumbbell,500,5.0,9,564087320877961343,True,1,13.84,14,2,29,4.6603004195008735,0.208,0.2170407157810375,identical
dumbbell,500,5.0,10,3169370468087315311,False,2,13.972,13,0,31,5.189529458438404,0.204,0.21028454843959982,identical
dumbbell,500,5.0,11,5679429046323180881,True,1,13.556,13,2,29,4.458123372003069,0.2,0.20957993597716357,identical
dumbbell,500,5.0,12,7055136104495317566,True,1,14.176,14,3,28,5.167690393202751,0.2,0.20643557194898773,identical
dumbbell,500,5.0,13,7680394886900655376,True,1,14.192,14,2,28,5.029427005136849,0.208,0.20805499331532612,identical
dumbbell,500,5.0,14,5230210343720745737,True,1,14.064,14,3,29,4.888343686771624,0.204,0.21990400790420017,identical
dumbbell,500,5.0,15,4290300292322601573,True,1,12.968,13,2,25,3.9368738867278994,0.192,0.2111165755033827,identical
dumbbell,500,5.0,16,1998722426963357089,True,1,13.964,14,2,26,4.622845876730047,0.19,0.21115549517649487,identical
dumbbell,500,5.0,17,3839627680250247257,False,2,14.276,14,3,31,5.2042121401802985,0.206,0.20658465190443498,identical
dumbbell,500,5.0,18,208683035927491909,True,1,13.8,14,1,29,4.627310233818348,0.224,0.20570120939388326,identical
dumbbell,500,5.0,19,2645475378334018436,True,1,14.36,14,4,30,5.286057131738175,0.212,0.21608999646162752,identical
dumbbell,500,5.0,20,3047114024981607705,True,1,13.268,13,4,24,4.037842988527412,0.2,0.20918974406164403,identical
dumbbell,500,5.0,21,5271350311521212652,True,1,13.684,14,3,25,4.64113606781788,0.202,0.22371833555699566,identical
dumbbell,500,5.0,22,8486886519504395522,True,1,13.196,13,3,24,3.8829864795026015,0.194,0.2040233293462198,identical
dumbbell,500,5.0,23,1583551644609175290,True,1,14.064,14,2,26,4.325263460183666,0.182,0.21545526831141693,identical
dumbbell,500,8.0,0,6321015344758217199,True,1,21.176,22,4,37,6.357438477877705,0.19,0.1698871137531523,identical
dumbbell,500,8.0,1,2401975084843903814,True,1,20.68,21,3,35,5.727617305651621,0.184,0.16440337676460387,identical
dumbbell,500,8.0,2,7165529241239968781,True,1,21.976,22,4,36,6.4899479196677685,0.2,0.16915916180226204,identical
dumbbell,500,8.0,3,3859451616483550129,True,1,21.384,21,7,37,6.499272574680941,0.196,0.1601159765932829,identical
dumbbell,500,8.0,4,2776128167425158321,True,1,21.416,21,6,36,6.159459716566053,0.196,0.17483414401625366,identical
dumbbell,500,8.0,5,6231710655991949246,True,1,20.656,21,6,34,5.275761935493293,0.186,0.1777017181606407,identical
dumbbell,500,8.0,6,8198549095827014032,True,1,20.692,21,5,34,5.855351056939299,0.188,0.16593246770781678,identical
dumbbell,500,8.0,7,199691812187232581,True,1,21.192,22,2,35,6.4920825626296494,0.196,0.16781490880722916,identical
dumbbell,500,8.0,8,7142241877146529594,True,1,21.216,21,6,39,6.5441075785778455,0.198,0.17022256593402524,identical
dumbbell,500,8.0,9,5992498909140551485,True,1,21.076,22,4,34,6.07373229571406,0.19,0.16534733153497408,identical
dumbbell,500,8.0,10,1684491297414279572,True,1,21.596,22,4,37,7.128869756139485,0.194,0.16329647820850035,identical
dumbbell,500,8.0,11,4898310122745688305,True,1,21.168,21,6,33,5.678008101438391,0.202,0.17149516340411292,identical
dumbbell,500,8.0,12,2190830039595407998,True,1,21.32,21,4,39,7.070898104201471,0.192,0.1751461906389172,identical
dumbbell,500,8.0,13,4423562313612879370,True,1,21.372,21,6,39,6.601637372652338,0.202,0.16778704983866866,identical
dumbbell,500,8.0,14,4046117486704978610,True,1,21.412,21,6,38,7.038057686606435,0.206,0.17706301600204927,identical
dumbbell,500,8.0,15,4226295160520862188,True,1,21.592,22,3,36,6.584947683922781,0.2,0.1716926291497702,identical
dumbbell,500,8.0,16,7841608472095520811,True,1,20.78,21,3,35,5.971231028858286,0.198,0.17014563028141416,identical
dumbbell,500,8.0,17,8285372336553167070,True,1,20.66,20,5,42,6.5124803262658695,0.192,0.16328289577750776,identical
dumbbell,500,8.0,18,9208983911045531841,True,1,21.392,22,3,37,6.4459550107024475,0.196,0.16274978288611464,identical
dumbbell,500,8.0,19,3819503394328378932,True,1,21.564,22,1,39,6.580114284721814,0.198,0.16508871818856857,identical
dumbbell,500,8.0,20,3892226673955479113,True,1,21.24,21,5,39,6.42202460288031,0.194,0.17384110742692446,identical
dumbbell,500,8.0,21,1054535938562535534,True,1,20.644,20.5,7,36,5.619365088691065,0.214,0.17329080121530296,identical
dumbbell,500,8.0,22,3930002599007495582,True,1,21.124,21.5,4,36,6.141386162748602,0.21,0.16322764164909792,identical
dumbbell,500,8.0,23,8031795873539556319,True,1,21.116,21,5,39,6.598071233322686,0.2,0.16491288244464844,identical
dumbbell,500,12.0,0,5804151711818113706,True,1,31.168,32,6,50,9.060009713019076,0.206,0.14487666879851135,identical
dumbbell,500,12.0,1,7444896907804238666,True,1,30.976,31,7,56,10.19604943102965,0.2,0.14319041606495514,identical
dumbbell,500,12.0,2,5241178332075843345,True,1,29.92,31,5,51,8.83751096180367,0.208,0.14035851218235104,identical
dumbbell,500,12.0,3,2153447950182438399,True,1,29.992,31,10,51,8.5397854773993,0.192,0.13363907237214212,identical
dumbbell,500,12.0,4,3240720609816012227,True,1,32.116,32,6,54,9.646892971314639,0.228,0.13276565943109628,identical
dumbbell,500,12.0,5,3631494169811725760,True,1,30.612,32,8,49,8.108603825567013,0.2,0.14424703477297846,identical
dumbbell,500,12.0,6,5415791003144276369,True,1,30.856,32,8,46,8.840999038570242,0.206,0.14286002666221576,identical
dumbbell,500,12.0,7,4991966232330897928,True,1,29.288,29,7,49,7.283203690684481,0.196,0.1361429106020975,identical
dumbbell,500,12.0,8,2069256990002324156,True,1,30.644,30,11,55,9.015390396427652,0.218,0.13310219588769076,identical
dumbbell,500,12.0,9,7277274580471161926,True,1,29.44,30,6,44,7.868570391119344,0.196,0.13405471042494224,identical
dumbbell,500,12.0,10,6599810879705284610,True,1,30.432,30,8,53,9.58464271634576,0.198,0.13495572326065217,identical
dumbbell,500,12.0,11,3507774841525737591,True,1,29.32,30,6,45,7.8445904928173285,0.192,0.1427229663186077,identical
dumbbell,500,12.0,12,7252406586802195865,True,1,30.716,31,6,51,8.821073857530047,0.2,0.13314933729070094,identical
dumbbell,500,12.0,13,2266971558503842391,True,1,30.492,31,8,50,7.964040180712303,0.214,0.12875113302584149,identical
dumbbell,500,12.0,14,3845945479022340121,True,1,29.892,30,8,59,9.086051727785833,0.206,0.14161451599221403,identical
dumbbell,500,12.0,15,1292149735302261460,True,1,30.912,31,8,52,9.31344490508212,0.21,0.14365092469724963,identical
dumbbell,500,12.0,16,4001113961627816913,True,1,30.204,31,8,51,8.065381826051384,0.206,0.13739551702503017,identical
dumbbell,500,12.0,17,4902068394391364314,True,1,31.576,33,3,52,10.448551287140239,0.202,0.13867695992549992,identical
dumbbell,500,12.0,18,9181862656744894222,True,1,30.036,30,6,55,9.441965049712916,0.21,0.12959134364840508,identical
dumbbell,500,12.0,19,2348114302543462309,True,1,30.036,30,8,50,7.399642153509847,0.198,0.144885712273249,identical
dumbbell,500,12.0,20,397752341260319026,True,1,30.496,33,8,49,9.22875852972652,0.186,0.14090766388366824,identical
dumbbell,500,12.0,21,7691668533095886809,True,1,31.372,32,10,54,9.822709198586713,0.2,0.13886850078523566,identical
dumbbell,500,12.0,22,7059794063016843005,True,1,30.068,30,7,49,7.997210513672874,0.202,0.1290531489436137,identical
dumbbell,500,12.0,23,827264761260041479,True,1,29.936,29,9,49,9.027729725684086,0.208,0.1446915062732872,identical
dumbbell,1000,5.0,0,6131471708519224673,True,1,14.048,14,2,27,4.370319896758118,0.205,0.20836069541392446,identical
dumbbell,1000,5.0,1,5456955856950763765,False,2,14.742,15,0,31,5.2692917930211465,0.214,0.1986750168171323,identical
dumbbell,1000,5.0,2,7949386365143560417,True,1,14.31,14,2,29,4.8544721649217415,0.21,0.20554470166566274,identical
dumbbell,1000,5.0,3,4728577950113219162,True,1,14.476,14,1,28,4.398570676935854,0.207,0.20667150692998273,identical
dumbbell,1000,5.0,4,4479552427486519833,True,1,14.152,14,2,27,4.130967925317252,0.205,0.2075332377521748,identical
dumbbell,1000,5.0,5,5688127949340491689,True,1,14.316,14,3,26,4.033130793812671,0.202,0.21537647478815494,identical
dumbbell,1000,5.0,6,6948798092842026132,True,1,14.146,14,2,25,4.1297317104141245,0.213,0.2080006533267187,identical
dumbbell,1000,5.0,7,1668553239933175270,True,1,14.152,14,1,27,4.334846710092519,0.199,0.2142789037517769,identical
dumbbell,1000,5.0,8,1456048121851829765,True,1,14.144,14,3,26,3.941987316062812,0.199,0.20924469560311576,identical
dumbbell,1000,5.0,9,8018622201681092274,True,1,14.372,14,3,28,4.269381219802232,0.213,0.20022951720098286,identical
dumbbell,1000,5.0,10,6781642233461085208,False,2,14.75,15,0,30,4.839989669410462,0.212,0.2063048608425197,identical
dumbbell,1000,5.0,11,7374870758230746009,False,2,14.622,14,3,30,4.568710540185271,0.208,0.2056572963552062,identical
dumbbell,1000,5.0,12,7358844209401692461,True,1,14.324,14,1,27,4.705424954241648,0.202,0.2096116214459136,identical
dumbbell,1000,5.0,13,7819122956825523812,True,1,14.45,15,2,27,4.276154814783962,0.207,0.21887873305689198,identical
dumbbell,1000,5.0,14,8389160345147335054,True,1,14.102,14,3,26,4.321064220767841,0.198,0.21902889004876197,identical
dumbbell,1000,5.0,15,6063117689660225800,True,1,14.15,14,3,26,4.2829312392332355,0.207,0.20952462703002037,identical
dumbbell,1000,5.0,16,434695702195627884,True,1,13.874,14,4,28,4.184510007157353,0.212,0.21685147461650045,identical
dumbbell,1000,5.0,17,8754140004572631160,True,1,14.548,14,2,28,4.639148197675959,0.212,0.2166535031769698,identical
dumbbell,1000,5.0,18,4374008758385608296,True,1,14.038,14,2,29,4.364694261915716,0.208,0.21029591555527227,identical
dumbbell,1000,5.0,19,5225531475347240207,False,2,14.242,14,2,27,4.395160520390581,0.198,0.22002684335907524,identical
dumbbell,1000,5.0,20,2992036703448972123,True,1,14.22,14,2,28,4.523450010777172,0.207,0.20770751954765376,identical
dumbbell,1000,5.0,21,2355971345202797733,True,1,14.246,14,3,24,3.9615002208759202,0.2,0.21865594947734013,identical
dumbbell,1000,5.0,22,3056904846502530929,True,1,14.36,14,2,28,4.3628431097164215,0.208,0.21038463909135596,identical
dumbbell,1000,5.0,23,5769925774838975210,True,1,14.172,14,2,27,4.283738554113691,0.195,0.21579373394101203,identical
dumbbell,1000,8.0,0,6714734149537323876,True,1,22.234,22,5,37,5.572723212218598,0.191,0.162803663384898,identical
dumbbell,1000,8.0,1,6558742256358834719,True,1,22.794,23,4,42,7.013527215317551,0.188,0.16854247200315475,identical
dumbbell,1000,8.0,2,2612995516310789451,True,1,22.432,23,3,38,5.806149843054351,0.19,0.17205758207729474,identical
dumbbell,1000,8.0,3,8761801711369280838,True,1,22.612,23,5,37,6.220245654313018,0.193,0.17559927606429154,identical
dumbbell,1000,8.0,4,1802872770142919672,True,1,22.196,22,6,37,6.337632365481621,0.191,0.16427640879350802,identical
dumbbell,1000,8.0,5,608827691129805108,True,1,21.852,22,7,39,6.0776719227019855,0.189,0.16500110609493265,identical
dumbbell,1000,8.0,6,7737698828975664025,True,1,22.21,22,5,42,6.245310240492469,0.195,0.16446059082128697,identical
dumbbell,1000,8.0,7,3933352429235314716,True,1,22.414,23,2,36,5.905641709416514,0.193,0.17135544698870814,identical
dumbbell,1000,8.0,8,9133139948831647982,True,1,22.194,22,4,38,6.007026219353461,0.183,0.16506703042083867,identical
dumbbell,1000,8.0,9,5798131292748149156,True,1,22.194,23,5,37,5.6840446866645875,0.19,0.16957302496504312,identical
dumbbell,1000,8.0,10,588428374757589467,True,1,22.29,22,3,41,6.651007442485685,0.185,0.16208529072099573,identical
dumbbell,1000,8.0,11,5765552396954372801,True,1,22.404,23,3,36,5.9475023329125545,0.188,0.17555096456892144,identical
dumbbell,1000,8.0,12,8290743688402046531,True,1,22.592,23,3,47,6.71442745139152,0.199,0.17759814241171412,identical
dumbbell,1000,8.0,13,6378870931628615172,True,1,22.458,22,4,41,6.145586709175941,0.195,0.16394659134957015,identical
dumbbell,1000,8.0,14,5739547372850379845,True,1,22.534,22,3,41,6.602336253175836,0.193,0.16587623123923917,identical
dumbbell,1000,8.0,15,6807563936787970942,True,1,22.312,22,5,41,6.177431181324486,0.199,0.16013297801325124,identical
dumbbell,1000,8.0,16,1295059224348464885,True,1,22.004,22,6,41,6.253637661393564,0.187,0.16445235761718935,identical
dumbbell,1000,8.0,17,1111116774377740150,True,1,22.316,23,4,39,5.772187107154447,0.179,0.1699903315364667,identical
dumbbell,1000,8.0,18,8425151220789629077,True,1,22.708,22,4,44,6.796965205148545,0.201,0.16706420489441406,identical
dumbbell,1000,8.0,19,906630018732605139,True,1,21.904,22,7,42,6.016210102714167,0.193,0.16601890091355687,identical
dumbbell,1000,8.0,20,5792540773553029005,True,1,22.422,23,3,38,5.961033131932751,0.189,0.17068287879764088,identical
dumbbell,1000,8.0,21,438210648560696612,True,1,23.016,23,5,41,6.745053298529236,0.2,0.16863783759437162,identical
dumbbell,1000,8.0,22,7638032498790446252,True,1,22.686,23,4,38,5.937962950372797,0.185,0.16725598132801178,identical
dumbbell,1000,8.0,23,6115716444703724887,True,1,22.004,22,4,38,5.7344558591029395,0.178,0.16531725166206163,identical
dumbbell,1000,12.0,0,9131965053710484519,True,1,32.212,32,7,60,8.686256731181727,0.196,0.1367584650322164,identical
dumbbell,1000,12.0,1,2012868722779676041,True,1,32.616,34,9,52,8.114218631513445,0.184,0.13609506029181254,identical
dumbbell,1000,12.0,2,6817095768064091652,True,1,31.642,33,6,48,7.076004239682173,0.186,0.14070806936542762,identical
dumbbell,1000,12.0,3,1816065689311633366,True,1,32.618,33,5,54,8.52619938776944,0.197,0.13581084613371014,identical
dumbbell,1000,12.0,4,1789849811647356480,True,1,32.572,34,8,50,8.08052077529661,0.181,0.14135163566642556,identical
dumbbell,1000,12.0,5,1708144492439191822,True,1,32.69,33,6,56,8.77222320737451,0.185,0.1382838316617904,identical
dumbbell,1000,12.0,6,7325124071511262233,True,1,32.504,33,9,50,8.227392296469151,0.191,0.13594436865409673,identical
dumbbell,1000,12.0,7,2367825110580229515,True,1,32.686,33,8,57,8.835576042341561,0.189,0.13836146818547362,identical
dumbbell,1000,12.0,8,8512060307447332410,True,1,32.902,34,10,56,9.481898333139837,0.188,0.13679614351440061,identical
dumbbell,1000,12.0,9,3066827305335846045,True,1,32.222,33,6,52,7.653673366430009,0.184,0.1385441937142573,identical
dumbbell,1000,12.0,10,1004272644934361649,True,1,32.456,34,8,53,8.504002822200846,0.193,0.1327603683539781,identical
dumbbell,1000,12.0,11,6226646995954713376,True,1,33.082,34,6,55,9.119828726461916,0.184,0.13747113445234665,identical
dumbbell,1000,12.0,12,1522049636529088710,True,1,32.57,33,7,54,8.574911078256141,0.188,0.1389152013309532,identical
dumbbell,1000,12.0,13,8617506337221031180,True,1,31.894,33,10,48,7.352738537443039,0.19,0.14287732979522005,identical
dumbbell,1000,12.0,14,1861473326224844821,True,1,32.428,33,11,53,8.085345756366909,0.187,0.136967262476158,identical
dumbbell,1000,12.0,15,3622156701535247194,True,1,32.058,32,12,50,8.016772168397928,0.182,0.13328199230815369,identical
dumbbell,1000,12.0,16,7354447645978919568,True,1,31.478,33,7,49,7.472048982708827,0.182,0.14404222388350768,identical
dumbbell,1000,12.0,17,6217459788685076305,True,1,33.13,33,9,61,9.933332774049202,0.205,0.1381082367912153,identical
dumbbell,1000,12.0,18,8969456911970120579,True,1,32.444,33,7,57,9.073415233527008,0.183,0.14018498802307086,identical
dumbbell,1000,12.0,19,8215999378734973050,True,1,32.406,33,10,52,8.584472261007075,0.187,0.1409543177979642,identical
dumbbell,1000,12.0,20,5065909558780499312,True,1,32.82,33,8,54,8.795430631867877,0.189,0.13553388597471105,identical
dumbbell,1000,12.0,21,592062316154822860,True,1,33.264,34,10,52,8.61686160965813,0.187,0.13386406230221187,identical
dumbbell,1000,12.0,22,1169478578226260547,True,1,31.97,33,7,51,7.342145463010102,0.184,0.14213466516833895,identical
dumbbell,1000,12.0,23,6361117890295304983,True,1,32.89,34,5,54,8.629362664762672,0.206,0.1355363904985321,identical
dumbbell,2000,5.0,0,2909082253830090861,False,2,14.989,15,3,33,4.705090753641217,0.217,0.21488658841743724,identical
dumbbell,2000,5.0,1,7412048875752773384,True,1,14.761,15,1,29,4.407026094771848,0.2145,0.2124202575390749,identical
dumbbell,2000,5.0,2,6425367143248911666,True,1,14.562,15,3,28,4.176021551668544,0.2105,0.21966729958419687,identical
dumbbell,2000,5.0,3,4655785943892272158,False,2,14.697,15,3,30,4.208941790996861,0.212,0.20786633210622374,identical
dumbbell,2000,5.0,4,7714176043877795337,True,1,14.704,15,2,27,4.25774400357749,0.2235,0.20562402945731434,identical
dumbbell,2000,5.0,5,6763838596169133344,True,1,14.83,15,2,29,4.382134183249095,0.215,0.20611717993817696,identical
dumbbell,2000,5.0,6,2242883133067817793,False,2,15.062,15,1,30,4.684565721601093,0.219,0.20886180017791864,identical
dumbbell,2000,5.0,7,6901148974521435366,True,1,14.778,15,2,30,4.41539533903817,0.219,0.21147233455388129,identical
dumbbell,2000,5.0,8,1389345922865431682,True,1,14.695,15,2,28,4.15186403919974,0.212,0.20905428658384334,identical
dumbbell,2000,5.0,9,6700936645113537222,True,1,14.805,15,2,28,4.447243528299311,0.213,0.21175095391207077,identical
dumbbell,2000,5.0,10,3372654560639681124,True,1,14.802,15,1,30,4.589640073034044,0.22,0.20697698221781208,identical
dumbbell,2000,5.0,11,1594220615160930607,True,1,14.749,15,2,27,4.092676263766774,0.212,0.21359013593775705,identical
dumbbell,2000,5.0,12,4952492640815797249,True,1,14.788,15,1,28,4.416566086905058,0.211,0.21240132548543023,identical
dumbbell,2000,5.0,13,5694268973343033326,True,1,14.684,15,2,27,4.22068051385082,0.218,0.21321630457570834,identical
dumbbell,2000,5.0,14,8516638629027946934,True,1,14.662,15,2,27,4.129013925866552,0.2145,0.21503429636717333,identical
dumbbell,2000,5.0,15,6435712256793043262,False,2,14.714,15,1,28,4.134997460700509,0.215,0.2177539819628817,identical
dumbbell,2000,5.0,16,5404779659439842573,True,1,14.82,15,3,29,4.509279321576783,0.221,0.21093007767701666,identical
dumbbell,2000,5.0,17,2610184239108129506,True,1,14.968,15,2,33,4.70924367600574,0.225,0.20816664076363942,identical
dumbbell,2000,5.0,18,6484731205275654960,False,2,14.76,15,0,28,4.3623846689626,0.2225,0.2149460708195282,identical
dumbbell,2000,5.0,19,7289562856636318070,True,1,14.722,15,1,28,4.47087418744925,0.214,0.20961180166130172,identical
dumbbell,2000,5.0,20,798354818768634385,True,1,14.656,15,2,27,4.049402918949907,0.211,0.21262484799647108,identical
dumbbell,2000,5.0,21,4260228380703902549,True,1,14.8,15,1,27,4.234146903450572,0.2085,0.2110324779701808,identical
dumbbell,2000,5.0,22,7801257387427023615,True,1,14.55,14,1,31,4.203748327385937,0.21,0.2064467366487933,identical
dumbbell,2000,5.0,23,1296186677969858329,True,1,14.792,15,3,30,4.51128983772934,0.214,0.21202526756093143,identical
dumbbell,2000,8.0,0,6069712520811770123,True,1,23.524,24,4,40,6.095688968443196,0.205,0.1696580074201064,identical
dumbbell,2000,8.0,1,6483156769983738864,True,1,22.819,23,4,37,5.357727036719955,0.1955,0.17158788296027586,identical
dumbbell,2000,8.0,2,1617568041453039917,True,1,23.087,23,4,43,6.051399094424343,0.2005,0.16687064804782797,identical
dumbbell,2000,8.0,3,1548286973365975772,True,1,23.096,23,4,39,5.861380724709827,0.1975,0.16971754503939374,identical
dumbbell,2000,8.0,4,486065782775896469,True,1,23.391,23,1,41,5.999509896649904,0.195,0.17052257437373453,identical
dumbbell,2000,8.0,5,444112410125302496,True,1,23.271,23,3,46,6.604434797921768,0.2085,0.16341429084965442,identical
dumbbell,2000,8.0,6,5584718486066348325,True,1,23.387,24,4,42,5.9277509225675455,0.2015,0.1662365597309416,identical
dumbbell,2000,8.0,7,7412457788211902578,True,1,23.199,23,2,41,5.700999824592168,0.2065,0.1630668494743476,identical
dumbbell,2000,8.0,8,2354121304928731279,True,1,23.082,23,3,42,6.028206698513257,0.191,0.17203704634176709,identical
dumbbell,2000,8.0,9,7646926906964265042,True,1,23.244,23,3,39,5.943102220221381,0.1965,0.1691690035244473,identical
dumbbell,2000,8.0,10,4651801261377492476,True,1,22.989,23,3,40,5.603648722038175,0.1985,0.17038715252874415,identical
dumbbell,2000,8.0,11,991847146294605418,True,1,23.426,23,6,44,6.257357589270408,0.1955,0.16838750019378404,identical
dumbbell,2000,8.0,12,811820806621329610,True,1,23.46,24,1,43,6.473438035541841,0.201,0.171863240337204,identical
dumbbell,2000,8.0,13,6109531359147726327,True,1,23.331,24,5,39,5.82773017563441,0.201,0.16810463151413585,identical
dumbbell,2000,8.0,14,4716349836822975144,True,1,23.157,24,5,42,5.903418585870404,0.208,0.16856433097105886,identical
dumbbell,2000,8.0,15,567506907021913907,True,1,23.309,24,4,40,6.218884063881558,0.195,0.16257336762834707,identical
dumbbell,2000,8.0,16,4362132159363813875,True,1,23.368,23,5,41,6.1675421360538785,0.2005,0.16639280356125521,identical
dumbbell,2000,8.0,17,2674943802782398247,True,1,23.299,23,6,43,6.0290628625019425,0.2,0.16533146172033,identical
dumbbell,2000,8.0,18,8222649684906018630,True,1,23.446,23,5,44,6.146631923256855,0.2015,0.16616220192963566,identical
dumbbell,2000,8.0,19,3746421556358363566,True,1,23.202,23,6,45,6.113689229916731,0.2015,0.164901043584187,identical
dumbbell,2000,8.0,20,2409319662037121473,True,1,23.069,23,5,43,5.870795431625934,0.1975,0.17079965804132075,identical
dumbbell,2000,8.0,21,2809545730934142693,True,1,22.986,23,4,39,5.789024442857365,0.196,0.16758410407107543,identical
dumbbell,2000,8.0,22,8266251303565872136,True,1,23.125,23,5,39,5.699067906245722,0.2,0.17034236811148198,identical
dumbbell,2000,8.0,23,6225590960728095571,True,1,22.998,23,4,37,5.613198375258073,0.2005,0.16565499345523071,identical
dumbbell,2000,12.0,0,4723735371350547884,True,1,34.504,35,10,71,8.910049607044852,0.197,0.14076063409309306,identical
dumbbell,2000,12.0,1,7613888328979544001,True,1,33.596,35,8,54,8.012164751176822,0.186,0.13363051840314621,identical
dumbbell,2000,12.0,2,3698702236184207392,True,1,33.839,35,7,51,7.7018230958649525,0.1995,0.13700489281502087,identical
dumbbell,2000,12.0,3,8795998838206783296,True,1,34.172,35,8,58,8.600605560075387,0.1965,0.13300098223846024,identical
dumbbell,2000,12.0,4,5874297963092168320,True,1,33.957,34,8,58,7.89494464831768,0.204,0.13254168308511124,identical
dumbbell,2000,12.0,5,3254742089709528795,True,1,34.34,35,7,58,8.338249216712116,0.1905,0.1339272688847356,identical
dumbbell,2000,12.0,6,3892830298621378803,True,1,34.12,35,7,58,8.022879782222834,0.1875,0.13767266745869916,identical
dumbbell,2000,12.0,7,4139797969230166668,True,1,34.326,35,9,57,8.506922122601086,0.1935,0.1383852078516954,identical
dumbbell,2000,12.0,8,2568954179962725380,True,1,33.938,35,10,52,7.800266405706916,0.1975,0.13492514094358948,identical
dumbbell,2000,12.0,9,4430471356530404705,True,1,34.279,35,9,56,8.200375540181053,0.192,0.13176877304608076,identical
dumbbell,2000,12.0,10,5374215712158491804,True,1,33.907,34,8,52,7.777039989610433,0.1955,0.13242795075544378,identical
dumbbell,2000,12.0,11,240803223286817169,True,1,34.605,35,6,61,8.850648281340744,0.2065,0.1353551810305991,identical
dumbbell,2000,12.0,12,1400983175244292309,True,1,33.772,35,10,54,7.863142883097049,0.196,0.13489204265469515,identical
dumbbell,2000,12.0,13,8760445961306240624,True,1,33.955,35,9,53,7.990054755757315,0.1965,0.13128361627484617,identical
dumbbell,2000,12.0,14,9019948944218228936,True,1,34.013,34,8,59,8.157256340216364,0.1945,0.13658592412786885,identical
dumbbell,2000,12.0,15,6009365146292694169,True,1,34.3,35,10,54,8.532877591996726,0.1985,0.13559788851369806,identical
dumbbell,2000,12.0,16,8861544773670896479,True,1,33.676,35,7,51,7.728326080077111,0.197,0.13848722439614417,identical
dumbbell,2000,12.0,17,4545017464575005523,True,1,34.211,35,6,53,7.661101683178462,0.198,0.13454963010083396,identical
dumbbell,2000,12.0,18,1551255776693740730,True,1,34.613,35,9,60,8.488535268230931,0.1955,0.13432150212302457,identical
dumbbell,2000,12.0,19,2220639494841771914,True,1,34.746,36,9,62,8.650288087688171,0.204,0.13500513646245876,identical
dumbbell,2000,12.0,20,3663807434268142659,True,1,33.706,34,8,56,7.757935550131874,0.1945,0.1390004099882165,identical
dumbbell,2000,12.0,21,910962892089463261,True,1,33.722,34,11,55,7.931564536710263,0.1955,0.13647114768369345,identical
dumbbell,2000,12.0,22,5322096166294124380,True,1,34.335,35,7,60,8.773697909091696,0.19,0.13317444570013393,identical
dumbbell,2000,12.0,23,69095655487948290,True,1,34.337,35,8,54,8.019752552292369,0.1895,0.13773532631166263,identical
dumbbell,5000,5.0,0,1949614872698419561,True,1,15.0956,15,1,32,4.222139343981919,0.1986,0.21373245842845306,identical
dumbbell,5000,5.0,1,5433562942899577932,True,1,14.9084,15,2,29,4.009589684743379,0.1968,0.21203215820525814,identical
dumbbell,5000,5.0,2,1057896331568919931,True,1,15.2852,15,2,33,4.396619264844298,0.201,0.21061271364873235,identical
dumbbell,5000,5.0,3,3544667546886470700,False,2,15.0516,15,2,30,4.342779920742037,0.2046,0.21081365601461327,identical
dumbbell,5000,5.0,4,7587046856879212490,True,1,15.1612,15,1,29,4.241416574683493,0.2014,0.21411040987080893,identical
dumbbell,5000,5.0,5,8307897938493909717,True,1,15.1844,15,2,31,4.372458878022743,0.2018,0.21525469511142808,identical
dumbbell,5000,5.0,6,3551736070454926062,False,2,15.1584,15,0,34,4.326812850124106,0.1976,0.2132625108392613,identical
dumbbell,5000,5.0,7,6515294993605667829,True,1,15.2112,15,2,31,4.309175624176865,0.1992,0.2170719723118643,identical
dumbbell,5000,5.0,8,2444767015998443017,True,1,15.0544,15,2,32,4.123328829962528,0.198,0.21130548509051006,identical
dumbbell,5000,5.0,9,2088239399355930175,True,1,15.148,15,1,31,4.220437891972823,0.1982,0.21151884156289671,identical
dumbbell,5000,5.0,10,2700014039669200309,True,1,15.0048,15,2,29,3.9642372481978754,0.1978,0.21148456749241448,identical
dumbbell,5000,5.0,11,7624402517868502390,False,2,15.1344,15,1,31,4.385833631135591,0.2,0.20955106506982835,identical
dumbbell,5000,5.0,12,6497612581045146752,True,1,15.152,15,1,30,4.262874147802198,0.198,0.2102176699614806,identical
dumbbell,5000,5.0,13,7623016181752974883,True,1,15.1444,15,1,29,4.316103409326522,0.1968,0.21259112259060817,identical
dumbbell,5000,5.0,14,5369252908793512232,True,1,14.9624,15,2,32,4.014397369469053,0.197,0.20799932105929442,identical
dumbbell,5000,5.0,15,167451345179349578,True,1,15.126,15,1,37,4.30800696378265,0.1988,0.21450437840383663,identical
dumbbell,5000,5.0,16,8239599415448710355,False,2,15.1064,15,2,30,4.120228032524426,0.1972,0.2079489396569384,identical
dumbbell,5000,5.0,17,2841341442660338106,True,1,15.288,15,1,32,4.256131576913487,0.199,0.20900471049397268,identical
dumbbell,5000,5.0,18,5711290679181109778,True,1,14.988,15,1,33,4.342609353833263,0.1956,0.2110563799216998,identical
dumbbell,5000,5.0,19,5136258105775268303,True,1,15.214,15,1,33,4.337810968680055,0.2028,0.20994965324070775,identical
dumbbell,5000,5.0,20,9069766505268449635,False,2,15.006,15,0,32,4.155714619653264,0.198,0.20936435505592765,identical
dumbbell,5000,5.0,21,28036914951019342,True,1,15.154,15,1,30,4.341414976709813,0.1988,0.20792527167620664,identical
dumbbell,5000,5.0,22,9087788864949155948,False,2,15.0516,15,1,30,4.156794130095949,0.1998,0.21374114595417104,identical
dumbbell,5000,5.0,23,6805879290456395596,True,1,15.0804,15,1,33,4.1829099727342705,0.1984,0.20727951954068352,identical
dumbbell,5000,8.0,0,826660377743588211,True,1,23.7952,24,5,41,5.54509305242032,0.1792,0.16706886442917607,identical
dumbbell,5000,8.0,1,5956641893952708544,True,1,23.8472,24,5,43,5.631505319184225,0.1808,0.16730164486121718,identical
dumbbell,5000,8.0,2,7895083599804602220,True,1,23.9324,24,2,44,5.869772588439849,0.1852,0.1663714123220591,identical
dumbbell,5000,8.0,3,8571713731530131231,True,1,23.8616,24,2,41,5.585556860331831,0.1786,0.1636228155100109,identical
dumbbell,5000,8.0,4,3956202166177447403,True,1,23.8036,24,5,43,5.660974036329815,0.1818,0.16727147890763425,identical
dumbbell,5000,8.0,5,5861885042987675011,True,1,23.788,24,4,45,5.682873920825524,0.1894,0.16679178725599353,identical
dumbbell,5000,8.0,6,1128123537149591377,True,1,23.8072,24,5,44,5.624057979786518,0.1834,0.16520985907167157,identical
dumbbell,5000,8.0,7,1414927173088175884,True,1,23.7004,24,4,45,5.55958989854468,0.183,0.1677126004883563,identical
dumbbell,5000,8.0,8,5947112461731781547,True,1,23.8656,24,3,44,5.468632062956877,0.1826,0.166364831524876,identical
dumbbell,5000,8.0,9,6224525493011164639,True,1,23.8516,24,3,42,5.624302395853233,0.1834,0.16719749719428637,identical
dumbbell,5000,8.0,10,7206394387201063580,True,1,24.1404,24,3,45,5.961701757048913,0.1862,0.163301026619263,identical
dumbbell,5000,8.0,11,1246897532870209079,True,1,23.9224,24,4,42,5.656958391220523,0.1842,0.16701156466584322,identical
dumbbell,5000,8.0,12,175403507238781804,True,1,23.9388,24,5,43,5.725334449619488,0.1824,0.16764777804204142,identical
dumbbell,5000,8.0,13,1233190229692473658,True,1,23.9052,24,4,40,5.624607804994045,0.1776,0.1619033357055131,identical
dumbbell,5000,8.0,14,5636292026896396305,True,1,23.8752,24,5,46,5.708662274123407,0.1838,0.1712352837995099,identical
dumbbell,5000,8.0,15,864712719055664793,True,1,23.8208,24,5,43,5.708720290923367,0.1808,0.1668512535851754,identical
dumbbell,5000,8.0,16,339735932322939657,True,1,23.9968,24,5,45,5.892876187397801,0.1846,0.16589921543224298,identical
dumbbell,5000,8.0,17,4844047892274492941,True,1,24.034,24,5,44,5.863927352892462,0.1802,0.16542523142668586,identical
dumbbell,5000,8.0,18,5373056500984758867,True,1,23.9148,24,3,41,5.77213487021914,0.1814,0.16821523576822286,identical
dumbbell,5000,8.0,19,1335323797138772405,True,1,24.0924,24,3,46,5.935340111569009,0.1848,0.16413066807839474,identical
dumbbell,5000,8.0,20,8363283667469738312,True,1,23.7776,24,4,41,5.5922927534241405,0.1822,0.169309063765212,identical
dumbbell,5000,8.0,21,6774132867914926813,True,1,23.8944,24,4,47,5.794760447162585,0.1818,0.17023375001311117,identical
dumbbell,5000,8.0,22,7649898358738805239,True,1,23.9324,24,1,42,5.756407754841551,0.186,0.1676016132272764,identical
dumbbell,5000,8.0,23,9064322818997780255,True,1,23.756,24,7,44,5.648934766838774,0.1782,0.16583539963493477,identical
dumbbell,5000,12.0,0,1912961669792258016,True,1,35.0768,35,8,56,7.29397708798162,0.1672,0.1355636968893179,identical
dumbbell,5000,12.0,1,9136666784407874143,True,1,35.3516,36,7,57,7.479223050558071,0.172,0.1354924316593602,identical
dumbbell,5000,12.0,2,3209225157962467859,True,1,35.3664,36,8,54,7.67873368726906,0.1736,0.13560294020631236,identical
dumbbell,5000,12.0,3,6325356970268347766,True,1,35.3708,36,7,57,7.714175740803449,0.1752,0.13922643381195043,identical
dumbbell,5000,12.0,4,6592595955197053291,True,1,35.3376,36,9,55,7.580634949659549,0.1732,0.13698571275951119,identical
dumbbell,5000,12.0,5,8133282185116984390,True,1,35.2984,36,7,59,7.329540056510919,0.1754,0.13644071378599731,identical
dumbbell,5000,12.0,6,1485460514724569793,True,1,35.2748,36,10,56,7.292714512443188,0.171,0.13716689631359136,identical
dumbbell,5000,12.0,7,2116007922812410599,True,1,35.6208,36,7,63,8.003812051766358,0.1766,0.1363753916304166,identical
dumbbell,5000,12.0,8,3765786087245899954,True,1,35.3896,36,9,57,7.5505107006082905,0.1718,0.13447528942642673,identical
dumbbell,5000,12.0,9,2680615490414944713,True,1,35.2748,36,9,65,7.81250823743565,0.1718,0.13455717349629487,identical
dumbbell,5000,12.0,10,4029344780234963208,True,1,35.4852,36,9,62,7.852094049360313,0.1734,0.1360266128838917,identical
dumbbell,5000,12.0,11,5356833457360768870,True,1,35.206,36,5,56,7.626163124402742,0.17,0.13620675075748778,identical
dumbbell,5000,12.0,12,8327130311249926324,True,1,35.5944,36,6,59,7.743919462391158,0.1666,0.13534998905522422,identical
dumbbell,5000,12.0,13,948773709330766473,True,1,35.624,36,5,59,7.776440316751629,0.1752,0.136561922304464,identical
dumbbell,5000,12.0,14,2462467790618990453,True,1,35.3104,36,6,58,7.617457045497535,0.1688,0.13549309946884341,identical
dumbbell,5000,12.0,15,1085959192478540191,True,1,35.5972,36,8,58,8.01878744948384,0.1704,0.13959995356404034,identical
dumbbell,5000,12.0,16,6528619209708048862,True,1,35.4344,36,6,62,7.759413421129182,0.1732,0.13826310292458377,identical
dumbbell,5000,12.0,17,3629403207756784584,True,1,35.7056,36,5,58,7.907118858345275,0.1688,0.13575968510816155,identical
dumbbell,5000,12.0,18,351351155710072496,True,1,35.206,36,6,68,7.6263991503199104,0.174,0.1346208531811502,identical
dumbbell,5000,12.0,19,2672685677208868143,True,1,35.3284,36,9,64,7.7386144392907985,0.1736,0.13322860817235874,identical
dumbbell,5000,12.0,20,3975318800373589317,True,1,35.2524,35,8,59,7.735004475758199,0.1736,0.1378122247102934,identical
dumbbell,5000,12.0,21,5908534866040572026,True,1,35.6392,36,7,60,7.780477065064836,0.176,0.13534280570116494,identical
dumbbell,5000,12.0,22,9110475583495710759,True,1,35.3288,36,10,55,7.1574500040168125,0.1696,0.13896435158390247,identical
dumbbell,5000,12.0,23,1851143390463901897,True,1,35.0728,36,7,55,7.138564292629174,0.1716,0.1363373919737108,identical
dumbbell,10000,5.0,0,28910153837933588,True,1,15.25,15,2,31,4.188591648752597,0.1925,0.21438510461327723,identical
dumbbell,10000,5.0,1,8446891418543137038,True,1,15.2452,15,1,32,4.10451908997882,0.1947,0.21105934266422968,identical
dumbbell,10000,5.0,2,2764471271206107011,True,1,15.389,15,1,33,4.31521482663377,0.1953,0.20851578753991215,identical
dumbbell,10000,5.0,3,4746385130138506628,True,1,15.31,15,1,31,4.195581008632752,0.197,0.21242964579577245,identical
dumbbell,10000,5.0,4,1129798639774677764,True,1,15.2682,15,2,30,4.119352954045087,0.1962,0.2120344156451882,identical
dumbbell,10000,5.0,5,7912053174506933064,True,1,15.2176,15,2,30,4.052264828463225,0.1944,0.21046931095562105,identical
dumbbell,10000,5.0,6,651329864886140306,True,1,15.3436,15,1,30,4.296805678640845,0.1988,0.2093824305784175,identical
dumbbell,10000,5.0,7,1546821275802943526,True,1,15.3096,15,2,30,4.1933456618790474,0.1949,0.20889578932385183,identical
dumbbell,10000,5.0,8,5267704297218661910,True,1,15.2734,15,2,30,4.118137010833844,0.1936,0.20871212775974524,identical
dumbbell,10000,5.0,9,5016324219391873694,True,1,15.3076,15,2,33,4.260490844961717,0.1961,0.21330136602528815,identical
dumbbell,10000,5.0,10,2882289831412827470,True,1,15.2362,15,2,29,3.9900137292997617,0.1924,0.20974635522575205,identical
dumbbell,10000,5.0,11,2565965293016282775,True,1,15.3784,15,1,32,4.357064773445533,0.2018,0.21233216018351234,identical
dumbbell,10000,5.0,12,9000300105547164020,True,1,15.297,15,1,32,4.290150463561857,0.1958,0.2130219607766699,identical
dumbbell,10000,5.0,13,4655625750844266740,True,1,15.3736,15,2,33,4.28593315860154,0.197,0.20751804126916898,identical
dumbbell,10000,5.0,14,4849598572005539726,True,1,15.3856,15,2,36,4.342247418100392,0.1943,0.21565262833438315,identical
dumbbell,10000,5.0,15,5613765894337770749,True,1,15.4576,15,2,31,4.3207640805764465,0.1977,0.2107934506710294,identical
dumbbell,10000,5.0,16,5665166076916368878,True,1,15.1974,15,1,28,3.9289481085909235,0.1912,0.210164131733352,identical
dumbbell,10000,5.0,17,4665400269289292246,True,1,15.1988,15,2,31,4.124133673876233,0.191,0.211677324148988,identical
dumbbell,10000,5.0,18,9108449576004467678,True,1,15.3184,15,1,33,4.270295240378488,0.1949,0.21253726277957324,identical
dumbbell,10000,5.0,19,5644850189194199837,True,1,15.32,15,1,32,4.170971109945527,0.1929,0.21018260379647818,identical
dumbbell,10000,5.0,20,2668944034497038382,True,1,15.2368,15,1,31,4.046965006026114,0.1947,0.21224562451078025,identical
dumbbell,10000,5.0,21,8752826616369157693,True,1,15.2136,15,1,33,4.061179020924831,0.1942,0.20988227705839285,identical
dumbbell,10000,5.0,22,4481701457600644099,True,1,15.3404,15,1,31,4.237396351534806,0.198,0.20772010716746042,identical
dumbbell,10000,5.0,23,1122727064278808233,True,1,15.3696,15,2,33,4.2734758499375705,0.1955,0.20847430582539628,identical
dumbbell,10000,8.0,0,8559863543666730523,True,1,24.2156,24,3,44,5.3748968957553265,0.174,0.16651371016801983,identical
dumbbell,10000,8.0,1,1373100020651027564,True,1,24.2256,24,5,44,5.465519612991972,0.1732,0.16810738203919431,identical
dumbbell,10000,8.0,2,7593609577319126626,True,1,24.101,24,5,44,5.320169076260571,0.1707,0.16738390315455554,identical
dumbbell,10000,8.0,3,5038751733883121388,True,1,24.2782,24,4,45,5.502508951378535,0.1783,0.16513375247349543,identical
dumbbell,10000,8.0,4,3131221615297373356,True,1,24.3686,24,4,46,5.772515399719541,0.1747,0.16674699065509518,identical
dumbbell,10000,8.0,5,7965004820433101873,True,1,24.2224,24,5,42,5.463290056367079,0.174,0.1674992765536714,identical
dumbbell,10000,8.0,6,9109799418115108878,True,1,24.2462,24,5,47,5.499907777408657,0.1709,0.16628814068197686,identical
dumbbell,10000,8.0,7,2965447256515861747,True,1,24.0952,24,5,42,5.291742336886768,0.1733,0.16629634878397914,identical
dumbbell,10000,8.0,8,7936110880006595733,True,1,24.1454,24,5,42,5.511520556071579,0.1738,0.1658291296215827,identical
dumbbell,10000,8.0,9,4570314474175377610,True,1,24.1408,24,5,43,5.353351787431781,0.1728,0.16622955071394035,identical
dumbbell,10000,8.0,10,2890948691934899359,True,1,24.0826,24,5,45,5.315522292305839,0.1751,0.16447028870674182,identical
dumbbell,10000,8.0,11,7797518348697894017,True,1,24.216,24,3,47,5.607614822720815,0.1759,0.16565684117221158,identical
dumbbell,10000,8.0,12,2802246085517330601,True,1,24.425,25,3,45,5.7029970191120665,0.177,0.1653023359162845,identical
dumbbell,10000,8.0,13,2425845847699814870,True,1,24.1674,24,4,43,5.37637212625767,0.1753,0.16972267817556766,identical
dumbbell,10000,8.0,14,444930793356787641,True,1,24.3622,24,2,46,5.8053777792663706,0.1774,0.1639494554674666,identical
dumbbell,10000,8.0,15,1576730601226368304,True,1,24.152,24,4,44,5.315213636346188,0.1728,0.16565817928432697,identical
dumbbell,10000,8.0,16,4927156704231802353,True,1,24.2674,24,4,43,5.452274501526865,0.1732,0.16777564514973137,identical
dumbbell,10000,8.0,17,4864679974053414738,True,1,24.3638,25,4,44,5.477248356611235,0.1724,0.16629771614326935,identical
dumbbell,10000,8.0,18,9191131922359079603,True,1,24.276,24,6,44,5.492797465772826,0.1739,0.16640733117005058,identical
dumbbell,10000,8.0,19,2936889297418507805,True,1,24.0952,24,3,42,5.322004975570745,0.1713,0.16744676215744334,identical
dumbbell,10000,8.0,20,2866995904203725074,True,1,24.1708,24,3,44,5.275796372112789,0.1712,0.16812214929779024,identical
dumbbell,10000,8.0,21,8649805829864796922,True,1,24.393,24,4,43,5.555677366442227,0.1774,0.16376972610213741,identical
dumbbell,10000,8.0,22,4995461019623055615,True,1,24.23,24,3,43,5.621805759718168,0.1759,0.1679494773138633,identical
dumbbell,10000,8.0,23,521175875255242934,True,1,24.2194,24,4,46,5.510740752385284,0.1729,0.1640447095507636,identical
dumbbell,10000,12.0,0,2200697484426063749,True,1,36.0856,37,8,59,7.284632635898683,0.1687,0.13775659630831089,identical
dumbbell,10000,12.0,1,3578465695021705948,True,1,36.0592,37,7,56,7.2335119658434435,0.1634,0.1364904521608707,identical
dumbbell,10000,12.0,2,4116551525264874238,True,1,36.137,36,7,60,7.374322409550575,0.1664,0.13516776787068327,identical
dumbbell,10000,12.0,3,1446362800035280546,True,1,36.0102,36,8,63,7.259001030444914,0.1633,0.1354292229880505,identical
dumbbell,10000,12.0,4,8928159248468642082,True,1,36.1,37,7,58,7.220332402320449,0.1672,0.1370525178841385,identical
dumbbell,10000,12.0,5,6094287529666755659,True,1,35.9084,36,5,60,7.110246791778774,0.1643,0.13368994758156294,identical
dumbbell,10000,12.0,6,667309287558622738,True,1,36.0664,36,6,62,7.141595832865303,0.1667,0.1360095002395096,identical
dumbbell,10000,12.0,7,3751274949993990177,True,1,35.9478,36,8,69,7.326504975771234,0.1658,0.13514526440460944,identical
dumbbell,10000,12.0,8,6923423676416302717,True,1,36.0102,36,6,65,7.192141263907453,0.165,0.1372626426714471,identical
dumbbell,10000,12.0,9,1534008537981170323,True,1,36.1522,37,8,59,7.2116042015629205,0.1693,0.13823400861641966,identical
dumbbell,10000,12.0,10,5350765092625042605,True,1,36.5758,37,3,64,7.900104705635218,0.1719,0.1359129414515166,identical
dumbbell,10000,12.0,11,7508533964869980646,True,1,35.9998,36,9,59,7.105575272981217,0.1636,0.13584311139826122,identical
dumbbell,10000,12.0,12,604024502341573151,True,1,35.9448,36,7,57,7.295570776848136,0.1678,0.136560155299694,identical
dumbbell,10000,12.0,13,4699704978591337484,True,1,36.1018,36,9,65,7.463540497645874,0.1697,0.13636056781287925,identical
dumbbell,10000,12.0,14,4254777621895661184,True,1,35.8614,36,5,66,7.044230975770106,0.1628,0.13494532586131242,identical
dumbbell,10000,12.0,15,7640744273231778841,True,1,36.0408,36,8,56,7.048683235895953,0.1633,0.1364302183022844,identical
dumbbell,10000,12.0,16,1122325364789361199,True,1,36.1844,36,6,66,7.585551834902954,0.1694,0.13523275657547432,identical
dumbbell,10000,12.0,17,4184328944539416668,True,1,36.2226,36,8,64,7.7137830692857925,0.169,0.13492502926363864,identical
dumbbell,10000,12.0,18,8370257251654071780,True,1,36.0556,36,8,58,7.213702838348675,0.1658,0.13398204095948463,identical
dumbbell,10000,12.0,19,7877224338061287009,True,1,36.244,37,10,60,7.2839181763663445,0.164,0.1364974050337645,identical
dumbbell,10000,12.0,20,2771144396943444249,True,1,36.0384,37,4,57,6.8451096002914165,0.1668,0.13601695389077093,identical
dumbbell,10000,12.0,21,728999670939800735,True,1,36.0626,36,4,62,7.3352901265048684,0.1681,0.13657701077922485,identical
dumbbell,10000,12.0,22,7212980112407486927,True,1,36.0322,36,9,62,7.219429559182665,0.1659,0.1356552004617942,identical
dumbbell,10000,12.0,23,2966496304572467855,True,1,36.037,37,5,62,7.2834216546895405,0.165,0.13735831042542143,identical
clustered,500,5.0,0,1232075967575099103,True,1,53.136,65,1,134,45.88308516218152,0.564,0.10052582236787747,identical
clustered,500,5.0,1,4030693733751842256,True,1,41.224,61,1,91,30.144217090513404,0.536,0.11992850429456034,identical
clustered,500,5.0,2,2910105850373694909,False,3,42.156,62,1,75,30.035773071455925,0.522,0.11513988123306551,identical
clustered,500,5.0,3,8511666897213750773,True,1,41.552,62,1,106,31.293630278380927,0.528,0.11085901957816742,identical
clustered,500,5.0,4,737617829740959671,True,1,50.432,62.5,1,128,43.81791158875558,0.548,0.10860547386796057,identical
clustered,500,5.0,5,6242476435898757125,False,2,41.724,63,1,77,29.710129989618018,0.548,0.12070541472134072,identical
clustered,500,5.0,6,2624689440520726391,True,1,40.404,63,2,89,29.34744936106036,0.516,0.11463549485340047,identical
clustered,500,5.0,7,6898116686315895880,False,3,40.14,62,0,89,29.410481124932243,0.516,0.11910933834743104,identical
clustered,500,5.0,8,52241186413083367,False,2,40.184,61,0,73,29.11353884363764,0.56,0.12216324710293734,identical
clustered,500,5.0,9,7584763173523449483,True,1,42.448,64,1,97,31.04189581839359,0.544,0.12059236381608485,identical
clustered,500,5.0,10,2305392478669383477,True,1,40.916,59,1,74,29.46871127144858,0.516,0.12035640344967427,identical
clustered,500,5.0,11,8994613142610561655,False,2,42.88,65.5,1,75,30.161326230787665,0.56,0.10548377719170549,identical
clustered,500,5.0,12,3881864967631455281,False,4,43.78,67,1,92,31.018762064273247,0.566,0.09299388453944227,identical
clustered,500,5.0,13,7674034161542528657,False,3,41.876,62.5,0,77,29.413476911103185,0.55,0.10313765537238466,identical
clustered,500,5.0,14,1137595703220027786,True,1,56.864,63.5,1,138,49.27633817563965,0.536,0.11128789691026691,identical
clustered,500,5.0,15,4284964620836510933,False,2,41.176,62,0,75,29.274511507453024,0.542,0.12233266076995092,identical
clustered,500,5.0,16,1735518849855444305,True,1,41.332,63,1,75,29.69555145135377,0.536,0.10526204617899292,identical
clustered,500,5.0,17,7977882128756351394,True,1,38.936,60,2,73,28.66279651394823,0.488,0.11867528295022406,identical
clustered,500,5.0,18,417551412579197843,False,2,48.916,64,0,126,41.23058262988778,0.528,0.13285242681528006,identical
clustered,500,5.0,19,7687486330533908919,False,2,40.388,62,0,73,29.24348570194731,0.554,0.11445356218960143,identical
clustered,500,5.0,20,1879640466729883939,False,2,53.88,65,1,135,45.71342909911695,0.552,0.10175787848830399,identical
clustered,500,5.0,21,4627383830495346917,True,1,42.524,64,1,98,30.55233909212187,0.556,0.12936642243136687,identical
clustered,500,5.0,22,6126959283277894240,True,1,41.684,64,1,75,29.90839587808077,0.54,0.1123753977317055,identical
clustered,500,5.0,23,590168361336949793,False,3,43.396,64,0,119,33.46106967806023,0.548,0.097905599639991,identical
clustered,500,8.0,0,5979216618257846070,True,1,47.54,70,1,80,29.331559794869374,0.514,0.08526048385554177,identical
clustered,500,8.0,1,6430890966611452941,True,1,46.604,68,2,77,28.86505125580066,0.524,0.10275759341331328,identical
clustered,500,8.0,2,4247874540096811839,True,1,46,65,2,90,29.171630053872548,0.492,0.09688357998635137,identical
clustered,500,8.0,3,6665803839147640063,True,1,47.792,68,2,95,29.268152247793154,0.496,0.09301974352355374,identical
clustered,500,8.0,4,6274640255279838039,True,1,52.596,73,3,134,35.11223125920652,0.498,0.08871240538609032,identical
clustered,500,8.0,5,5432220622252586205,True,1,59.816,75,1,139,42.32651821258159,0.496,0.09600597703367555,identical
clustered,500,8.0,6,9210691804795021804,True,1,44.812,66,2,75,27.891157308365646,0.47,0.09221839350771632,identical
clustered,500,8.0,7,6132243391157302717,False,3,47.632,68,0,79,29.948498726981327,0.55,0.0817731087095184,identical
clustered,500,8.0,8,7518673176457450117,True,1,50.148,71,1,85,30.443818682944464,0.444,0.08921295636927946,identical
clustered,500,8.0,9,3034743483414825131,True,1,44.904,66,2,76,28.1248428262275,0.462,0.10575622159441384,identical
clustered,500,8.0,10,1629165497823405381,True,1,67.616,78,2,139,49.94962005861507,0.55,0.09240213742978773,identical
clustered,500,8.0,11,5720609856316888978,True,1,47.12,68,1,105,29.722409054449106,0.514,0.09460560770783379,identical
clustered,500,8.0,12,4007504923601056328,True,1,64.776,71,3,146,51.78298778556529,0.508,0.08380276651004559,identical
clustered,500,8.0,13,4914795003189652519,True,1,49.024,70,2,81,29.69194207188211,0.428,0.08104817152698675,identical
clustered,500,8.0,14,6222744794246186949,True,1,56.64,63,1,137,44.234855035367744,0.526,0.10979394359952604,identical
clustered,500,8.0,15,2847079583240870307,True,1,50.732,69.5,2,131,33.63861138632211,0.522,0.08187143556544889,identical
clustered,500,8.0,16,4299617935501885028,True,1,46.952,69,1,78,28.76271364110146,0.44,0.0908923623133015,identical
clustered,500,8.0,17,2910413658023847033,True,1,48.384,66,1,82,29.98633928974991,0.506,0.09512972427173988,identical
clustered,500,8.0,18,5118567912827330163,False,2,46.8,69,0,80,29.882235525475668,0.468,0.09241516839552721,identical
clustered,500,8.0,19,2423278388335780167,True,1,49.692,70,3,82,30.071666664819244,0.462,0.08620860495117463,identical
clustered,500,8.0,20,3434688788361059616,True,1,47.968,67,3,107,30.53527429056433,0.496,0.08635837004505936,identical
clustered,500,8.0,21,3603939254108119171,True,1,61.124,69,3,137,49.67458730578444,0.516,0.09190034152347346,identical
clustered,500,8.0,22,5073164340466761543,True,1,46.352,68,2,79,29.133624834544758,0.504,0.08609081896155048,identical
clustered,500,8.0,23,6647567191791407580,False,2,48.816,70,0,80,29.01810028240992,0.468,0.10690615881149748,identical
clustered,500,12.0,0,5528756101981138568,True,1,57.508,75,3,144,33.184242284554266,0.358,0.07147316621711673,identical
clustered,500,12.0,1,4621998075985215146,True,1,54.32,74,5,84,28.70821485219862,0.448,0.07836877358815042,identical
clustered,500,12.0,2,6904316952789907991,True,1,70.6,77,3,147,48.90860864919389,0.486,0.07083820177010715,identical
clustered,500,12.0,3,206371993222187126,True,1,59.092,78,4,126,31.2018514835258,0.522,0.0728458972171652,identical
clustered,500,12.0,4,3663879039239288532,True,1,73.436,73,4,152,53.11803746374672,0.484,0.06870527860775662,identical
clustered,500,12.0,5,3480226554310460867,True,1,56.072,71,3,87,28.97645278497688,0.42,0.07418603624718018,identical
clustered,500,12.0,6,8881775224879862344,True,1,56.944,75,6,141,30.78137202919975,0.424,0.07330946607274443,identical
clustered,500,12.0,7,1135842975071597028,True,1,63.496,69,5,148,41.62285410684858,0.504,0.07428392112071242,identical
clustered,500,12.0,8,6337561864249815434,True,1,63.732,70,6,132,42.48769440673381,0.498,0.06040839968222076,identical
clustered,500,12.0,9,430154868351219328,True,1,57.276,76,6,138,31.04106673424738,0.38,0.07661561066485285,identical
clustered,500,12.0,10,714603039459941237,True,1,66.712,82,3,148,38.67134670528047,0.396,0.07129031009101236,identical
clustered,500,12.0,11,4413457143825205512,True,1,54.628,71,5,98,28.52068750924492,0.388,0.0738435523147011,identical
clustered,500,12.0,12,4530756723660072020,True,1,52.376,71,4,86,27.74048709017199,0.476,0.07526672044443315,identical
clustered,500,12.0,13,9027627380586381683,True,1,60.644,76,4,179,37.57048394684331,0.504,0.0666324407009259,identical
clustered,500,12.0,14,3834223541987180641,True,1,57.712,73,5,140,33.388876231463634,0.432,0.07751825535509363,identical
clustered,500,12.0,15,4659367001814509355,True,1,79.98,90,3,151,53.446268344946226,0.446,0.06916313905525849,identical
clustered,500,12.0,16,6847826755181844076,True,1,54.976,74.5,5,127,30.62253131274416,0.436,0.06959211575112086,identical
clustered,500,12.0,17,8309198912525305918,True,1,62.212,80,6,143,37.232768578229496,0.4,0.07318349600767031,identical
clustered,500,12.0,18,7970163665999178362,True,1,60.32,77,4,141,34.59458917229691,0.486,0.06955151238540491,identical
clustered,500,12.0,19,8612353735954995344,True,1,72.664,77,4,149,51.466329808914836,0.46,0.06851757824202592,identical
clustered,500,12.0,20,4568014367628013290,True,1,72.752,78,6,146,50.62254928389126,0.496,0.07495576116616318,identical
clustered,500,12.0,21,6213191081702834972,True,1,55.388,67,5,92,28.825708248020568,0.398,0.07520000407721965,identical
clustered,500,12.0,22,2446538394234306387,True,1,60.62,75,4,144,36.17910446652872,0.506,0.06439811450037156,identical
clustered,500,12.0,23,3450012383872973639,True,1,53.304,70,3,119,30.145506862549205,0.424,0.06618574440397788,identical
clustered,1000,5.0,0,5646283518905840012,False,4,62.956,76,0,133,52.76455310149055,0.548,0.12521700684457457,identical
clustered,1000,5.0,1,6604147159456129019,False,2,66.49,84.5,0,139,55.19026997578462,0.568,0.11250242899162885,identical
clustered,1000,5.0,2,8067668287764359006,False,4,64.816,80.5,0,135,53.94158084446544,0.559,0.10421848515033462,identical
clustered,1000,5.0,3,7825348560212260825,False,4,64.4,72.5,1,133,54.15725251524483,0.556,0.12238036312786697,identical
clustered,1000,5.0,4,742278829074917345,True,1,65.562,79.5,1,134,54.88626564086865,0.568,0.10559690172628385,identical
clustered,1000,5.0,5,7056395109920851700,True,1,66.288,81.5,1,134,54.41044987867693,0.572,0.10624916079537418,identical
clustered,1000,5.0,6,1263614600657916974,True,1,66.486,84,1,136,55.12743240891957,0.573,0.11418755504520883,identical
clustered,1000,5.0,7,2534740149771894180,True,1,68.786,89,2,138,57.41783872630521,0.565,0.11558049389471826,identical
clustered,1000,5.0,8,8926641617882740813,False,3,73.67,74,0,218,66.19756113332275,0.561,0.11509997452580885,identical
clustered,1000,5.0,9,4646063599298871304,False,2,65.574,79,0,134,54.70620187876323,0.57,0.1204919657897191,identical
clustered,1000,5.0,10,4758049025785935433,True,1,83.138,80.5,1,242,78.61391070287752,0.573,0.11814411153989873,identical
clustered,1000,5.0,11,2017889991161192094,False,5,92.47,88.5,0,257,90.17264052915384,0.588,0.10473360850738546,identical
clustered,1000,5.0,12,5255886348663730386,False,2,63.84,72.5,0,131,53.81422116875796,0.561,0.11477408264986817,identical
clustered,1000,5.0,13,711307509111997231,True,1,70.97,81,1,206,61.792791650806635,0.576,0.11893909301151999,identical
clustered,1000,5.0,14,5103352334945427362,False,2,67.208,83.5,1,156,56.59779797836658,0.583,0.11365188415638164,identical
clustered,1000,5.0,15,62200731507193483,False,2,64.562,76,1,133,53.712681519358114,0.563,0.11764609198695739,identical
clustered,1000,5.0,16,1118563062867448749,False,2,67.084,83,1,133,56.31545919194839,0.573,0.11151202450828179,identical
clustered,1000,5.0,17,9042389930912396564,False,5,65.822,81.5,0,135,54.79826927923908,0.57,0.10573091550964275,identical
clustered,1000,5.0,18,7602836138182369209,False,3,72.586,83.5,0,209,64.03238714900458,0.574,0.11807786249539129,identical
clustered,1000,5.0,19,7267619409837537395,True,1,71.57,81,1,207,63.431357387336476,0.564,0.10984743260967476,identical
clustered,1000,5.0,20,1041600386725318181,False,3,65.52,79,1,133,53.72112805963779,0.563,0.11352780599088069,identical
clustered,1000,5.0,21,1903286262770528354,False,4,65.328,78.5,0,133,54.617143975129295,0.571,0.1217703868470684,identical
clustered,1000,5.0,22,8041671707290601149,True,1,67.226,88,1,142,56.01425643530405,0.564,0.11356628198846871,identical
clustered,1000,5.0,23,1909337927200337414,False,2,85.896,82.5,0,243,82.27943354204623,0.582,0.10772888681713337,identical
clustered,1000,8.0,0,5043703959916492781,True,1,80.74,119,1,216,62.81401435985447,0.549,0.09831036469126044,identical
clustered,1000,8.0,1,5705179262544858095,True,1,77.12,113,3,143,58.214925921107174,0.542,0.09260996736180996,identical
clustered,1000,8.0,2,5176648435438476888,True,1,77.292,119,2,144,59.46476886358848,0.567,0.07722533668335343,identical
clustered,1000,8.0,3,4016657883208117832,True,1,77.46,119.5,3,142,59.05006689242606,0.555,0.08837566876232944,identical
clustered,1000,8.0,4,635465177223025081,True,1,75.622,114.5,3,139,57.83835333064039,0.544,0.09483795677120369,identical
clustered,1000,8.0,5,8199868014794919405,True,1,77.052,112,3,161,58.07864750491358,0.541,0.09859427043542784,identical
clustered,1000,8.0,6,3772158272449586629,True,1,77.004,115,2,143,58.669855837559446,0.552,0.08045494950858606,identical
clustered,1000,8.0,7,1685568157730842805,True,1,75.936,110,1,141,57.23643860339329,0.547,0.09302011670237717,identical
clustered,1000,8.0,8,4220926753372256323,True,1,92.678,118,2,256,79.1537511176824,0.559,0.09547134303254895,identical
clustered,1000,8.0,9,2584884663623320966,True,1,82.134,116,2,211,63.84338684625074,0.563,0.09134100821585406,identical
clustered,1000,8.0,10,7963657717357255897,True,1,79.094,121,2,143,59.22485258740616,0.554,0.0861538838916763,identical
clustered,1000,8.0,11,5706289193002675001,True,1,79.532,118,2,149,59.944399037775,0.553,0.08575616949403789,identical
clustered,1000,8.0,12,3759070722533048903,True,1,76.224,115,3,139,58.23145047137327,0.558,0.0910724905046291,identical
clustered,1000,8.0,13,8608811934137514412,True,1,79.26,122,1,145,59.61322336529059,0.562,0.07703598819325558,identical
clustered,1000,8.0,14,2352232439866850548,True,1,78.67,118,3,143,59.52397080168622,0.563,0.08589386072548214,identical
clustered,1000,8.0,15,6598006895800534401,True,1,77.252,114.5,2,141,58.437988466407646,0.55,0.09548067678659719,identical
clustered,1000,8.0,16,1248952471083099399,True,1,79.298,117,3,206,61.76402833365059,0.548,0.09189335548392384,identical
clustered,1000,8.0,17,5737554524780503558,True,1,75.61,110,2,139,57.480378391238986,0.539,0.09557165155064393,identical
clustered,1000,8.0,18,8686084587572449895,True,1,75.994,116,3,141,58.45824119831186,0.542,0.089336946576429,identical
clustered,1000,8.0,19,2026694741361796439,True,1,75.25,110.5,1,139,57.52519013440981,0.54,0.10039462870735687,identical
clustered,1000,8.0,20,298995054766672533,True,1,80.064,119.5,3,163,59.61645665418212,0.572,0.08765122879886916,identical
clustered,1000,8.0,21,6267678391337395282,False,2,77.288,110.5,0,144,58.01400741200374,0.553,0.09041412880146145,identical
clustered,1000,8.0,22,2712315647885448242,True,1,75.952,114,3,140,57.957188475632584,0.542,0.09154657225970196,identical
clustered,1000,8.0,23,4638920627629092403,False,2,79.148,113.5,0,150,58.33563315847357,0.557,0.0907179203754174,identical
clustered,1000,12.0,0,6067987739172195726,True,1,115.682,141.5,4,270,93.85132325119339,0.568,0.07308810762999335,identical
clustered,1000,12.0,1,3192400660448304204,True,1,86.644,134,3,156,59.22232065699555,0.547,0.07045109851794473,identical
clustered,1000,12.0,2,7688205560615669751,True,1,99.654,135,2,260,76.81802056809326,0.536,0.07627123231791427,identical
clustered,1000,12.0,3,1981705973420218208,True,1,92.232,136,3,248,66.35807543924108,0.56,0.07552616991717594,identical
clustered,1000,12.0,4,6532115938138323257,True,1,90.872,137,5,192,60.98909423823239,0.543,0.06769642162609912,identical
clustered,1000,12.0,5,3754382919376867515,True,1,88.852,131,5,163,60.15493409521774,0.549,0.08277621206135481,identical
clustered,1000,12.0,6,8422383341415623118,True,1,88.844,135,3,151,59.60019852315939,0.546,0.07062278918531158,identical
clustered,1000,12.0,7,4262916822772861661,True,1,88.646,136,2,198,60.010071521370435,0.538,0.0754932409806782,identical
clustered,1000,12.0,8,2999920439554601009,True,1,87.214,133,4,153,59.48186449666838,0.567,0.06990121986890163,identical
clustered,1000,12.0,9,2898726944978144629,True,1,108.066,128,5,284,92.34032512396735,0.565,0.07026604971878064,identical
clustered,1000,12.0,10,2561478521805539081,True,1,86.782,131,5,152,58.88645409599731,0.519,0.07126921745550749,identical
clustered,1000,12.0,11,958949892125909458,True,1,89.866,136.5,2,153,59.90412376456245,0.554,0.07402787511283498,identical
clustered,1000,12.0,12,5387363879850964484,True,1,83.126,129,2,151,58.45157075733715,0.54,0.06293751584330115,identical
clustered,1000,12.0,13,2524177591487432711,True,1,90.592,135,3,155,60.729050181935214,0.536,0.07048183490636671,identical
clustered,1000,12.0,14,2616739214382702757,True,1,87.654,135,4,177,59.75990532121005,0.547,0.06874964604813659,identical
clustered,1000,12.0,15,960621730369695461,True,1,85.398,129.5,3,163,58.9918265185949,0.526,0.07745807563514555,identical
clustered,1000,12.0,16,4566072810077521771,True,1,88.782,132,5,154,60.54577174336801,0.564,0.07014396489815744,identical
clustered,1000,12.0,17,3423349524439600876,True,1,87.41,133,4,151,59.045371537488144,0.553,0.07410879881026383,identical
clustered,1000,12.0,18,2456006820484319230,True,1,114.658,131,2,268,95.83970490355242,0.575,0.06557354677015738,identical
clustered,1000,12.0,19,4748667924156854789,True,1,124.214,136,5,361,108.02646066589438,0.555,0.0762467815520009,identical
clustered,1000,12.0,20,1503483937325583045,True,1,85.764,134,4,148,58.59367119408034,0.515,0.07830966483910194,identical
clustered,1000,12.0,21,4835171510303634741,True,1,87.724,132,2,179,59.71890675489634,0.55,0.07820254036507372,identical
clustered,1000,12.0,22,5789300260185477841,True,1,84.644,128,4,149,57.9944244216632,0.561,0.07130317477045868,identical
clustered,1000,12.0,23,615853682341888661,True,1,103.084,137.5,3,262,78.78775884615577,0.547,0.07726418046580345,identical
clustered,2000,5.0,0,2990126038801876063,True,1,102.252,78,1,257,96.67412526627793,0.585,0.10359156020878031,identical
clustered,2000,5.0,1,6593909058921379359,False,3,93.014,64.5,0,244,88.22638383159544,0.563,0.11282860205709438,identical
clustered,2000,5.0,2,4885286614287682415,False,3,90.552,66,0,238,85.96249935873213,0.568,0.11296177229640367,identical
clustered,2000,5.0,3,8139934296570804616,False,2,90.521,66.5,0,232,84.8880884400162,0.57,0.11302567187516761,identical
clustered,2000,5.0,4,5789665358258544614,False,3,91.44,68,0,237,86.08100487331681,0.5615,0.11429455636732203,identical
clustered,2000,5.0,5,5967515773669337111,False,2,91.547,68.5,0,232,85.9077516351115,0.566,0.11322968240568378,identical
clustered,2000,5.0,6,487663147138661947,False,3,93.34,63.5,1,236,88.56864795174424,0.5655,0.11239034069015144,identical
clustered,2000,5.0,7,2059097867006304136,True,1,97.245,71,1,252,92.04629799725787,0.5705,0.11496280033871248,identical
clustered,2000,5.0,8,7104744702207580015,False,4,90.68,63.5,0,232,85.34342739777915,0.5605,0.11644273368310332,identical
clustered,2000,5.0,9,8080659828592985964,False,4,92.405,76.5,0,238,86.46502746775732,0.578,0.10564113531030721,identical
clustered,2000,5.0,10,4795415510575029147,False,2,97.015,73,0,256,92.11579546961535,0.57,0.11153843031532444,identical
clustered,2000,5.0,11,843548178871839461,False,5,125.623,73,1,425,135.09215695590902,0.572,0.11221586343835155,identical
clustered,2000,5.0,12,3314520604224119714,True,1,95.85,75.5,1,252,89.92050655996142,0.574,0.10738725026039536,identical
clustered,2000,5.0,13,7475265287958161767,False,5,93.976,72.5,0,243,88.23605512487522,0.5725,0.1046613582764501,identical
clustered,2000,5.0,14,2675327885622543448,False,3,89.434,63.5,1,228,84.2096588521769,0.5585,0.11990480114075294,identical
clustered,2000,5.0,15,2288460831407227702,False,4,95.655,77,0,242,89.69782592125637,0.57,0.10869545153789201,identical
clustered,2000,5.0,16,2728822728229766287,False,2,92.46,65,0,240,87.20363753880918,0.567,0.11446479307183643,identical
clustered,2000,5.0,17,179134291401389452,False,3,91.955,75,0,239,86.08252421368702,0.5605,0.11154901173512115,identical
clustered,2000,5.0,18,7037833433725306430,False,5,92.057,73.5,1,229,85.79115776698686,0.566,0.10765711252933799,identical
clustered,2000,5.0,19,4352822827862528471,False,2,103.684,74,1,325,102.44229177444252,0.568,0.11226812773469765,identical
clustered,2000,5.0,20,2487780169174709681,False,2,89.841,70.5,1,233,83.95033483554423,0.5665,0.11804400880812772,identical
clustered,2000,5.0,21,8733373279984259323,False,4,89.897,73,0,230,84.01097184891978,0.5675,0.11235055308069691,identical
clustered,2000,5.0,22,4559433412440549439,False,3,96.226,72,0,248,91.18355621492283,0.5755,0.11503168952079962,identical
clustered,2000,5.0,23,2751641303663507374,False,6,94.956,75,0,243,88.86308043276472,0.5775,0.10862938431462638,identical
clustered,2000,8.0,0,6245267064326615256,False,2,120.488,125,1,293,105.67773585765366,0.5515,0.09404884120635437,identical
clustered,2000,8.0,1,7133344210881530905,True,1,120.495,128,3,262,103.44852330990508,0.5575,0.09121666106858498,identical
clustered,2000,8.0,2,8549934334797973547,True,1,120.766,123.5,1,261,104.95035609277369,0.5555,0.08715008342281573,identical
clustered,2000,8.0,3,4244158103016266331,True,1,122.327,130.5,2,259,106.13832988605022,0.554,0.08902770840751938,identical
clustered,2000,8.0,4,2934753653014913852,True,1,120.878,128,3,259,106.1268633099084,0.548,0.08950000805653491,identical
clustered,2000,8.0,5,2700876674846356831,True,1,117.558,124.5,2,257,102.9088948342172,0.54,0.09489129060331195,identical
clustered,2000,8.0,6,8935366336260145177,True,1,127.908,127.5,1,370,116.70608182952581,0.5525,0.09499508826466788,identical
clustered,2000,8.0,7,3655414637661746169,True,1,117.746,126.5,2,264,101.41523792803531,0.556,0.0888935012756112,identical
clustered,2000,8.0,8,3106874853548912012,True,1,116.845,125.5,1,260,102.22504084127348,0.546,0.08901510426286875,identical
clustered,2000,8.0,9,7456551210918317706,True,1,121.647,132,1,269,105.67362202082406,0.564,0.08473689920038108,identical
clustered,2000,8.0,10,408309749462484861,True,1,117.835,121.5,1,257,102.3677184223621,0.55,0.09002977755174482,identical
clustered,2000,8.0,11,6701595734474832516,True,1,115.748,115.5,1,257,100.33561429522415,0.544,0.09248306548926721,identical
clustered,2000,8.0,12,234873318339669738,True,1,117.735,124,1,257,101.93316817895935,0.549,0.09110419457106096,identical
clustered,2000,8.0,13,3938140111327639174,True,1,119.43,123,2,262,103.16079245527351,0.555,0.0909199183626005,identical
clustered,2000,8.0,14,9068898495696219249,True,1,122.202,138,1,265,105.69626386963729,0.5635,0.08484708610607875,identical
clustered,2000,8.0,15,1561762793743005910,True,1,120.604,135.5,2,263,105.57578881542845,0.5515,0.0855481572861733,identical
clustered,2000,8.0,16,6513205428023779927,True,1,120.028,132,1,261,103.494107155915,0.5615,0.0909903544909367,identical
clustered,2000,8.0,17,5761918139468613895,True,1,119.908,126,2,266,103.83730801595365,0.556,0.08767905904913936,identical
clustered,2000,8.0,18,4709892704242224053,True,1,120.598,135,1,259,104.11247954015889,0.5545,0.08799647081648791,identical
clustered,2000,8.0,19,6989848218904883956,True,1,159.933,142.5,1,480,158.30317909315664,0.5685,0.07888380036600086,identical
clustered,2000,8.0,20,8978557159140430032,True,1,118.931,130,1,258,102.58530713021246,0.551,0.09378644702720448,identical
clustered,2000,8.0,21,2582504742635280622,True,1,119.573,130,1,258,103.29320244333596,0.557,0.09149849132530541,identical
clustered,2000,8.0,22,3892649797717384109,True,1,116.805,116.5,2,259,101.96795562822655,0.557,0.09181651142798843,identical
clustered,2000,8.0,23,3567965323880936207,True,1,146.561,146,1,435,137.98518137466777,0.563,0.08452637360416784,identical
clustered,2000,12.0,0,4353315879361279690,True,1,143.223,197,2,273,114.40658753323623,0.5405,0.07363383847887145,identical
clustered,2000,12.0,1,8042679087193665060,True,1,153.175,196,3,426,128.15934368979845,0.5495,0.07190716265884589,identical
clustered,2000,12.0,2,7500498511076542959,True,1,139.656,187,5,274,113.04935499152563,0.536,0.07272985237135646,identical
clustered,2000,12.0,3,493665656889049934,True,1,177.369,191.5,2,493,161.211807380849,0.5475,0.07216564428611676,identical
clustered,2000,12.0,4,8664049256781824692,True,1,156.831,202,4,438,131.83210701115271,0.5515,0.07094874386600433,identical
clustered,2000,12.0,5,1214791977899149054,False,2,142.719,195,1,277,114.39001284640199,0.551,0.0710775054145034,identical
clustered,2000,12.0,6,4198504571848753782,True,1,139.426,178,1,269,111.71205630548559,0.5375,0.07466860439189071,identical
clustered,2000,12.0,7,5316165591500688333,True,1,142.086,194,3,273,113.96470332519623,0.5485,0.07365768342605622,identical
clustered,2000,12.0,8,5856162827315053212,True,1,145.052,194,3,379,120.82644286744517,0.5435,0.07385847405755375,identical
clustered,2000,12.0,9,139332339615442508,True,1,193.914,219.5,4,516,180.07719068221823,0.5685,0.06599273017678339,identical
clustered,2000,12.0,10,5556618256444140673,True,1,146.287,191.5,2,380,119.95125106058734,0.542,0.07479450312796873,identical
clustered,2000,12.0,11,6153871944252819589,False,2,140.249,190,2,271,113.4287353319256,0.5315,0.07557436568613879,identical
clustered,2000,12.0,12,757530472399981781,True,1,138.939,184,3,271,111.98326785283578,0.541,0.07548600414647841,identical
clustered,2000,12.0,13,4189199338426251694,True,1,141.677,189,2,274,113.01041841794955,0.5435,0.07713517754514439,identical
clustered,2000,12.0,14,404773481430757004,True,1,140.921,188,3,270,112.47849465119975,0.5405,0.07254198828953608,identical
clustered,2000,12.0,15,2673407165922319427,True,1,138.941,178,2,271,112.36807606700398,0.5375,0.07554891594181568,identical
clustered,2000,12.0,16,9156175878307252142,True,1,155.634,197,4,446,131.67806971549967,0.5475,0.07615575117292292,identical
clustered,2000,12.0,17,3561414312616293972,True,1,140.022,184.5,3,272,112.7338836197886,0.5395,0.0705791606398157,identical
clustered,2000,12.0,18,710739997510510570,True,1,137.523,177.5,4,272,110.95296963578812,0.5275,0.07492114619188313,identical
clustered,2000,12.0,19,7818122657193879224,True,1,157.013,204,4,430,133.45690626940225,0.5475,0.07251507269579544,identical
clustered,2000,12.0,20,8040844217685084841,True,1,143.52,201,4,273,114.6702385102608,0.548,0.07461913678716575,identical
clustered,2000,12.0,21,5935421695321640896,True,1,142.215,187.5,2,277,112.98875508208768,0.5415,0.07099795821139039,identical
clustered,2000,12.0,22,5570397594585925462,True,1,138.488,182.5,4,268,112.0150340623971,0.5365,0.07409546293344593,identical
clustered,2000,12.0,23,5549041246802176193,True,1,177.586,204,5,492,163.90543494344547,0.5545,0.06914283346214246,identical
clustered,5000,5.0,0,6282989386528070422,False,2,132.0656,55.5,0,460,142.29935943861435,0.5806,0.10641018728053973,identical
clustered,5000,5.0,1,9199571027395362090,False,9,125.1336,54,0,443,133.17113407581994,0.5808,0.10906865876997719,identical
clustered,5000,5.0,2,5735316438211104199,False,5,127.514,52,0,437,135.53754389098262,0.579,0.10984216351831025,identical
clustered,5000,5.0,3,7190941007507715981,False,4,119.6988,51,0,414,127.2373658897417,0.5734,0.11433538996946657,identical
clustered,5000,5.0,4,4863828544047965536,False,3,172.3488,55,0,690,197.990997619994,0.5858,0.10680606448953987,identical
clustered,5000,5.0,5,3575988355141212207,False,8,120.732,53,0,388,127.5415688158181,0.574,0.11078040605371582,identical
clustered,5000,5.0,6,8594102934823939712,False,5,113.0048,50.5,0,357,119.02301280407922,0.575,0.11443449763426007,identical
clustered,5000,5.0,7,5231039785259923598,False,5,133.3576,50,0,536,147.79711811209296,0.5784,0.10845585682676806,identical
clustered,5000,5.0,8,1988798253810657637,False,3,121.9284,52,0,438,130.14776553379605,0.5766,0.1083139104211479,identical
clustered,5000,5.0,9,1368560065605687917,False,8,114.1512,49,0,377,120.69262586653787,0.5688,0.12210397302726621,identical
clustered,5000,5.0,10,3480080448908110766,True,1,125.2828,50,1,451,134.32096047959155,0.5724,0.1122896195908224,identical
clustered,5000,5.0,11,5555581927727270849,False,5,152.7888,49,0,618,176.48492795295596,0.5756,0.11075006864937534,identical
clustered,5000,5.0,12,4271029703074641553,False,5,116.5896,55,0,392,123.38712076971389,0.5738,0.1183249865456078,identical
clustered,5000,5.0,13,1403247926828629506,False,5,118.6072,50.5,0,404,125.84464115789739,0.5722,0.11468666241754506,identical
clustered,5000,5.0,14,2680522853980306116,False,5,116.498,50,0,370,122.60400970604512,0.5688,0.11899373777791937,identical
clustered,5000,5.0,15,3568584838095487691,False,4,118.0428,52.5,0,392,125.25241941040535,0.5726,0.11895529212605442,identical
clustered,5000,5.0,16,6795633167306362411,False,3,114.9756,49,0,367,120.54021986308108,0.5728,0.11956198302225243,identical
clustered,5000,5.0,17,5362612462735099067,False,9,111.922,51.5,0,370,117.11500636553801,0.57,0.11910855919763456,identical
clustered,5000,5.0,18,6294588780328670997,False,3,115.2564,55,0,374,121.26568129128722,0.574,0.11231087374508583,identical
clustered,5000,5.0,19,2948127083747777741,False,3,130.1432,51,0,464,140.2577181254561,0.5746,0.11359463980827667,identical
clustered,5000,5.0,20,4116423951704005722,False,6,114.6508,53,0,362,120.75236171338454,0.57,0.1179278855831376,identical
clustered,5000,5.0,21,9106288276017479591,False,4,113.3512,53,0,355,118.87938029178972,0.5716,0.11554679360634362,identical
clustered,5000,5.0,22,7422905490770978616,False,5,129.2744,54,0,519,141.32036903659724,0.5792,0.11069270474558765,identical
clustered,5000,5.0,23,4545696605888357431,False,5,175.9196,60,0,682,202.06400158326085,0.5866,0.10254567829558443,identical
clustered,5000,8.0,0,3104797229095676695,True,1,166.4764,88.5,2,473,167.34434989876365,0.5616,0.09323458018869138,identical
clustered,5000,8.0,1,8288898968645052619,False,2,170.7096,110,1,485,169.08338318072526,0.5694,0.08516737416518264,identical
clustered,5000,8.0,2,7069971224205242223,True,1,179.6792,102.5,2,512,180.53384693004267,0.5634,0.0865117395044487,identical
clustered,5000,8.0,3,3245883613338145001,True,1,176.7664,94,1,536,179.2935208841635,0.564,0.08773719710294936,identical
clustered,5000,8.0,4,7882917273938141266,True,1,229.9792,96.5,2,816,251.15078492284277,0.5688,0.08602998226617417,identical
clustered,5000,8.0,5,1304054991563635008,False,2,170.0368,92,0,499,171.1755854254924,0.5606,0.09052239299519405,identical
clustered,5000,8.0,6,7411090225085752889,True,1,169.2268,94,2,482,169.93237172993284,0.56,0.0894019054041364,identical
clustered,5000,8.0,7,5420990188103906320,True,1,166.0428,97,1,480,165.93016051387417,0.5596,0.08950690790721647,identical
clustered,5000,8.0,8,2087402557122666563,True,1,174.2132,94,2,541,176.5754981467134,0.5596,0.0898807107117484,identical
clustered,5000,8.0,9,3965178501874169751,False,2,169.8912,98.5,0,489,170.15914128415187,0.5606,0.08868343947592994,identical
clustered,5000,8.0,10,8933236549072917032,True,1,168.5444,96,1,490,169.40129523896843,0.5592,0.09139920935879582,identical
clustered,5000,8.0,11,8487205653655402110,True,1,185.7284,103,1,541,186.89502035485066,0.5678,0.08221528498950376,identical
clustered,5000,8.0,12,4935619277384771524,False,2,165.226,91,1,478,165.87942405253227,0.5568,0.09117964117021675,identical
clustered,5000,8.0,13,3301996401225138372,True,1,159.7408,79,2,473,160.91801892690566,0.553,0.09230767890734175,identical
clustered,5000,8.0,14,178335226271198263,True,1,164.9392,92,1,470,166.13858643722708,0.5566,0.08987953568368007,identical
clustered,5000,8.0,15,1164362432140590395,True,1,196.03,118,1,627,199.7737958291825,0.572,0.07909287332805723,identical
clustered,5000,8.0,16,5418025209298443154,True,1,170.3172,94,1,487,171.02062970343616,0.5616,0.09173717317008498,identical
clustered,5000,8.0,17,6098999494843918245,True,1,180.6976,94,2,527,183.4295716460136,0.5586,0.09390797323793255,identical
clustered,5000,8.0,18,6042784221619473505,True,1,181.5496,91,1,571,182.89074317701272,0.5684,0.085264014516098,identical
clustered,5000,8.0,19,4987428980319782709,True,1,168.7632,103,2,500,168.6769833906207,0.5636,0.0909403936521673,identical
clustered,5000,8.0,20,3217132009329409764,True,1,166.0052,89,2,475,167.06445574376377,0.557,0.09370314319174383,identical
clustered,5000,8.0,21,4445311493658713952,True,1,170.916,88.5,2,535,173.44226400736378,0.5594,0.09300260207513161,identical
clustered,5000,8.0,22,2075002817812932551,True,1,173.1396,96,2,523,173.4792152156558,0.5674,0.0912442742237426,identical
clustered,5000,8.0,23,575757420201294891,True,1,165.8264,93,1,476,166.86955583041518,0.5588,0.08925110736971217,identical
clustered,5000,12.0,0,2395323560629377625,True,1,217.2752,153.5,4,569,205.9240565474562,0.5558,0.07641857932286417,identical
clustered,5000,12.0,1,1277461322236146294,True,1,225.8932,165,2,576,213.99770978624971,0.555,0.07331778367733927,identical
clustered,5000,12.0,2,1708388952649653046,True,1,238.4608,160,4,688,230.33216463047395,0.5608,0.07380462173273028,identical
clustered,5000,12.0,3,6112290393990800738,True,1,220.9448,163,3,560,208.88696597193407,0.5558,0.07484295626477319,identical
clustered,5000,12.0,4,8648141256272787171,True,1,217.9588,146,3,559,207.90843249507708,0.5546,0.07491307629258398,identical
clustered,5000,12.0,5,4369599121308995294,True,1,229.8056,169.5,4,598,217.92556391722343,0.557,0.07311338715296603,identical
clustered,5000,12.0,6,3192939183154951290,True,1,216.4312,150.5,4,550,205.9997749187115,0.5544,0.07471131513464194,identical
clustered,5000,12.0,7,1110822362650016524,True,1,217.7232,160,2,562,205.62033114884338,0.5594,0.07444799216776318,identical
clustered,5000,12.0,8,761178172399760256,True,1,221.278,155.5,2,567,210.09813020586324,0.5524,0.0759558922000733,identical
clustered,5000,12.0,9,7368465649904045768,True,1,232.1784,159,2,598,221.2583823800581,0.5594,0.07268003608418834,identical
clustered,5000,12.0,10,2463382630186796291,True,1,225.0784,169,2,564,212.2758287074622,0.5564,0.07393124104615867,identical
clustered,5000,12.0,11,8864844959771774013,True,1,211.9412,162.5,5,563,200.95522422310884,0.5514,0.07328887066495136,identical
clustered,5000,12.0,12,7333913703841234399,True,1,241.3192,175.5,1,600,229.26534782072937,0.559,0.06702087745649844,identical
clustered,5000,12.0,13,2697310421436415415,True,1,221.9744,167.5,4,584,208.61693542145588,0.5602,0.0726429330029203,identical
clustered,5000,12.0,14,988508964516975970,True,1,223.0436,163.5,4,583,210.8399034790141,0.5632,0.07165001426769227,identical
clustered,5000,12.0,15,8895200105458127817,True,1,242.2448,191.5,3,600,230.16736013813957,0.5616,0.06634974607589494,identical
clustered,5000,12.0,16,7061059291753902456,True,1,222.9532,175,3,564,209.96368021579332,0.5596,0.0743936192675097,identical
clustered,5000,12.0,17,4816890869199881772,True,1,250.65,184.5,3,609,237.96073772788867,0.5582,0.06644994117049545,identical
clustered,5000,12.0,18,253859772067577459,True,1,219.3368,163.5,2,570,206.85426987558154,0.5606,0.0745689101677898,identical
clustered,5000,12.0,19,2379705139907124933,True,1,230.6536,170,2,601,218.2276655400052,0.5578,0.07242501238635907,identical
clustered,5000,12.0,20,2134495338357216331,True,1,226.7236,158,4,595,215.45699153900648,0.5558,0.07130584578201282,identical
clustered,5000,12.0,21,3754310307806715065,True,1,236.8668,187.5,3,626,223.4279818146333,0.5644,0.0693047639245542,identical
clustered,5000,12.0,22,6089961735843671748,True,1,241.326,169.5,1,661,230.47044349330315,0.5634,0.07025008696063881,identical
clustered,5000,12.0,23,8516050119341201470,True,1,219.6336,161,2,563,207.13373687316113,0.5592,0.07411401518267585,identical
clustered,10000,5.0,0,8026200474983929846,False,7,135.4922,39,0,620,156.64695572898975,0.5748,0.11281438479449618,identical
clustered,10000,5.0,1,3655075509051831867,False,5,142.5106,43,0,603,162.03218719637042,0.5759,0.1109204757254886,identical
clustered,10000,5.0,2,2202131980703247759,False,8,133.8806,41,0,519,150.34851626683923,0.574,0.11466303488856772,identical
clustered,10000,5.0,3,751564790313621771,False,7,134.667,39,0,541,152.17372740062612,0.5738,0.11315146422447213,identical
clustered,10000,5.0,4,1062488846718912351,False,2,125.229,44.5,0,454,138.19971548089362,0.575,0.11346795577903761,identical
clustered,10000,5.0,5,8068969563965317091,False,4,130.2714,43,0,515,146.1326936111154,0.5732,0.11379961312509008,identical
clustered,10000,5.0,6,8750472049747390864,False,7,125.9592,41,0,443,140.25092561320213,0.5744,0.1189946021839205,identical
clustered,10000,5.0,7,2829447938044906043,False,10,126.106,41,0,482,139.47786693235585,0.5745,0.11229859579906473,identical
clustered,10000,5.0,8,8814607574865963409,False,7,143.5994,41,0,557,162.3927926961047,0.576,0.11131905487221164,identical
clustered,10000,5.0,9,2455063677594121859,False,14,141.3894,42,0,615,161.40788508508516,0.5768,0.10971490930760038,identical
clustered,10000,5.0,10,3391680430307662777,False,9,133.7242,39,0,552,151.13793545751494,0.5733,0.10976414715300097,identical
clustered,10000,5.0,11,1071127428734226981,False,3,124.414,41,1,464,138.7936929546871,0.5706,0.11603942604609915,identical
clustered,10000,5.0,12,6789796308536541374,False,8,147.6042,41,0,551,167.77683195948183,0.5795,0.11106416450424036,identical
clustered,10000,5.0,13,7193764891823105111,False,7,125.0034,40,0,460,140.53913116438474,0.5703,0.11608326933017858,identical
clustered,10000,5.0,14,4668344561696220776,False,7,122.6192,41,0,422,135.4633263704972,0.5723,0.1146774315944,identical
clustered,10000,5.0,15,7965854234440708474,False,3,138.4978,40.5,0,570,157.20362335251536,0.5777,0.11270459841682819,identical
clustered,10000,5.0,16,3286550634954211469,False,6,137.12,43,0,598,155.50361281976734,0.5799,0.11265360954160067,identical
clustered,10000,5.0,17,4215491475230188565,False,9,123.8064,39,0,438,138.46942232507536,0.5712,0.11645843282234968,identical
clustered,10000,5.0,18,7177518040534696093,False,5,136.0988,42.5,0,543,152.87277075581503,0.5756,0.11170202354248522,identical
clustered,10000,5.0,19,5262439166881099089,False,2,126.5728,43,1,456,141.72621881698572,0.5719,0.11259022515898069,identical
clustered,10000,5.0,20,7586659491775756595,False,8,151.1444,39,0,614,177.1343934662041,0.5777,0.11148171371685527,identical
clustered,10000,5.0,21,4061403673757476576,False,5,129.27,42,0,512,145.0019830898875,0.5766,0.11599117397006939,identical
clustered,10000,5.0,22,915622367289599116,False,10,133.9058,46,0,477,148.55576369283065,0.5791,0.11436796591854209,identical
clustered,10000,5.0,23,1500741200089009864,False,3,197.3466,48,1,837,236.34432226825328,0.5863,0.10404444101524282,identical
clustered,10000,8.0,0,3821061242082277374,True,1,189.1944,78,1,633,202.1362085541327,0.5697,0.08848296118380458,identical
clustered,10000,8.0,1,8843030539296982649,True,1,189.9072,78,1,652,203.3258045309545,0.5675,0.0899862721157278,identical
clustered,10000,8.0,2,5970912317835841341,True,1,186.4962,74,1,630,200.02859491972654,0.5686,0.09071762618751852,identical
clustered,10000,8.0,3,8488213119358289777,True,1,213.8144,82,1,728,231.1097491510044,0.5734,0.08518821522275512,identical
clustered,10000,8.0,4,8498665975215402301,True,1,189.3844,70,1,639,205.9041331218,0.5642,0.09235660392784766,identical
clustered,10000,8.0,5,5568488038135991834,True,1,195.5928,73,1,664,211.38370984576912,0.5652,0.09184030488045793,identical
clustered,10000,8.0,6,4307165906991585420,False,3,204.1724,81,0,780,221.412498920544,0.5704,0.08970299174970495,identical
clustered,10000,8.0,7,7557669723092118282,True,1,243.201,84.5,1,979,278.8950157299343,0.5729,0.08873804520659889,identical
clustered,10000,8.0,8,682459436672416258,True,1,191.1716,73,1,611,205.9617880905107,0.5653,0.09030401887561065,identical
clustered,10000,8.0,9,2403568773028490549,True,1,193.9858,74,2,654,209.30694636910698,0.5648,0.09116252958557261,identical
clustered,10000,8.0,10,5411628145931308821,False,3,191.7018,77,1,636,206.79009811100707,0.5645,0.09101333392754007,identical
clustered,10000,8.0,11,6603371823577889135,True,1,204.9466,81,2,726,220.87057737154635,0.5714,0.08907807583618749,identical
clustered,10000,8.0,12,4116945339359142203,True,1,212.1386,76,2,823,233.84881780765986,0.5666,0.08649272220893257,identical
clustered,10000,8.0,13,6414263568212748560,True,1,203.6574,75,1,659,218.80279391552634,0.569,0.0876759902285891,identical
clustered,10000,8.0,14,7402346572705366547,True,1,202.431,77,1,806,225.3093647387968,0.5634,0.090047627300338,identical
clustered,10000,8.0,15,9008850289410399390,True,1,262.54,77,1,1152,316.48405457463315,0.5733,0.08695196591542108,identical
clustered,10000,8.0,16,7997730591527651696,False,2,196.3948,81,0,625,207.7406145484331,0.5708,0.08844643226939142,identical
clustered,10000,8.0,17,5525136993907856842,False,2,198.4766,78.5,0,673,214.4646899898446,0.5704,0.08814503863693994,identical
clustered,10000,8.0,18,137843542060691376,True,1,187.9618,72,2,636,203.95848729768545,0.5651,0.09262366418125954,identical
clustered,10000,8.0,19,2636834618587019988,True,1,191.1366,72,2,647,206.3925723964894,0.5658,0.08902003715543662,identical
clustered,10000,8.0,20,7539733375622325245,True,1,202.48,74,1,772,220.5889861257807,0.5658,0.08750165413961654,identical
clustered,10000,8.0,21,6545340067017012910,True,1,199.9932,83,2,683,214.1874617099708,0.5686,0.08713162669603873,identical
clustered,10000,8.0,22,4142089043296853665,False,2,199.8722,80,0,750,216.10001218685755,0.5665,0.09125941430362969,identical
clustered,10000,8.0,23,79365838321091056,True,1,210.6654,82.5,2,835,232.4725434171525,0.5719,0.0877271579993012,identical
clustered,10000,12.0,0,9220501041746780875,True,1,295.9012,135,2,1018,311.3353841736589,0.5614,0.07201199819203827,identical
clustered,10000,12.0,1,1333326708286499671,True,1,265.888,126,2,830,276.2724355703978,0.5574,0.07527770031639838,identical
clustered,10000,12.0,2,4796774998181630028,True,1,279.0968,126,2,922,291.20597251731994,0.5568,0.07263119456963901,identical
clustered,10000,12.0,3,1537579768070321504,True,1,268.1764,143,2,808,275.6511249442675,0.5632,0.07525678121505866,identical
clustered,10000,12.0,4,5615297827472354210,True,1,269.8002,134,5,826,278.9154816068103,0.5592,0.07221460233682048,identical
clustered,10000,12.0,5,327419139933819303,True,1,266.2808,123.5,3,803,275.31003205724187,0.5581,0.07519715323012971,identical
clustered,10000,12.0,6,2574259057457716252,True,1,263.3912,123,2,802,274.0865709270711,0.5576,0.0736444651949987,identical
clustered,10000,12.0,7,1162418955661986136,True,1,267.1968,143.5,3,808,273.75885642250876,0.5603,0.07278167183847453,identical
clustered,10000,12.0,8,9006167820788129351,True,1,290.3234,142,2,974,304.3673494520058,0.5621,0.07084048622712481,identical
clustered,10000,12.0,9,7311954978500428669,True,1,312.2656,143,3,974,322.1937871167605,0.5676,0.06949770047829809,identical
clustered,10000,12.0,10,7992504468804931793,True,1,263.1982,121,3,830,273.52722737738446,0.5554,0.07678974875768733,identical
clustered,10000,12.0,11,5775822094819645541,True,1,279.2744,136.5,4,925,290.0214252510322,0.5619,0.07136778860103317,identical
clustered,10000,12.0,12,7161244264406590262,True,1,276.7524,133.5,3,906,286.38670551238926,0.5632,0.07071157374688637,identical
clustered,10000,12.0,13,4784845962917592523,True,1,271.3264,139.5,2,819,280.23263490007736,0.5606,0.07520991800622737,identical
clustered,10000,12.0,14,2318975574703227374,True,1,271.2678,134,2,838,280.80063654336703,0.5605,0.07232570100985798,identical
clustered,10000,12.0,15,2055288410260334205,True,1,308.466,134,3,973,324.1480588311464,0.5654,0.06822746073059534,identical
clustered,10000,12.0,16,5325552930918415843,True,1,284.6564,144,3,881,294.93193475620745,0.5629,0.07027179435651242,identical
clustered,10000,12.0,17,6458846043591267873,True,1,263.9154,127,2,801,272.12763814585213,0.559,0.07282885841104021,identical
clustered,10000,12.0,18,4692203756414661295,True,1,283.676,131.5,4,945,296.2288949849429,0.5638,0.07116871023845091,identical
clustered,10000,12.0,19,3908538704078887073,True,1,264.6796,120,3,809,275.4402376992877,0.553,0.07702150537110465,identical
clustered,10000,12.0,20,2917130367829598241,True,1,397.4938,157.5,4,1549,454.2478043552428,0.5687,0.06752275752637742,identical
clustered,10000,12.0,21,7304387816079495446,True,1,289.8342,130,3,979,304.0900851891753,0.5621,0.07136257967476722,identical
clustered,10000,12.0,22,4053310602889695960,True,1,334.8658,152,3,1194,362.38307961376955,0.5674,0.07084499294891858,identical
clustered,10000,12.0,23,8753260926560148973,True,1,266.6804,133.5,2,824,275.57915170752705,0.5621,0.07312920145911826,identical
